{
  "credit": "Made with Blockbench",
  "texture_size": [32, 32],
  "textures": {
    "0": "block/ar_texture",
    "particle": "block/ar_texture"
  },
  "elements": [
    {
      "from": [7.3, 5.5, 2],
      "to": [8.7, 7.7, 6],
      "rotation": { "angle": 0, "axis": "y", "origin": [0, 1.6, 0] },
      "faces": {
        "north": { "uv": [0, 7, 0.75, 8], "texture": "#0" },
        "east": { "uv": [4, 1, 6, 2], "texture": "#0" },
        "south": { "uv": [7, 0, 7.75, 1], "texture": "#0" },
        "west": { "uv": [4, 2, 6, 3], "texture": "#0" },
        "up": { "uv": [0.75, 7, 0, 5], "texture": "#0" },
        "down": { "uv": [1.75, 5, 1, 7], "texture": "#0" }
      }
    },
    {
      "from": [7.4, 5.6, 6],
      "to": [8.6, 7.3, 14],
      "rotation": { "angle": 0, "axis": "y", "origin": [0, 1.6, 0] },
      "faces": {
        "north": { "uv": [4.5, 7.5, 5, 8.25], "texture": "#0" },
        "east": { "uv": [0, 2, 4, 2.75], "texture": "#0" },
        "south": { "uv": [5, 7.5, 5.5, 8.25], "texture": "#0" },
        "west": { "uv": [0, 3, 4, 3.75], "texture": "#0" },
        "up": { "uv": [3.5, 8, 3, 4], "texture": "#0" },
        "down": { "uv": [4.5, 3, 4, 7], "texture": "#0" }
      }
    },
    {
      "from": [7.7, 5.6, 6],
      "to": [8.3, 7.8, 13.3],
      "rotation": { "angle": 0, "axis": "y", "origin": [0, 1.6, 0] },
      "faces": {
        "north": { "uv": [8.5, 5, 8.75, 6], "texture": "#0" },
        "east": { "uv": [0, 0, 3.75, 1], "texture": "#0" },
        "south": { "uv": [8.5, 6, 8.75, 7], "texture": "#0" },
        "west": { "uv": [0, 1, 3.75, 2], "texture": "#0" },
        "up": { "uv": [3.75, 7.75, 3.5, 4], "texture": "#0" },
        "down": { "uv": [6.75, 5, 6.5, 8.75], "texture": "#0" }
      }
    },
    {
      "from": [7.6, 4.1, 12],
      "to": [8.3, 5.6, 14],
      "rotation": { "angle": 0, "axis": "y", "origin": [0, 1.6, 0] },
      "faces": {
        "north": { "uv": [6.5, 9, 6.75, 9.75], "texture": "#0" },
        "east": { "uv": [1, 7, 2, 7.75], "texture": "#0" },
        "south": { "uv": [9, 6.5, 9.25, 7.25], "texture": "#0" },
        "west": { "uv": [7, 1, 8, 1.75], "texture": "#0" },
        "up": { "uv": [8.25, 6.5, 8, 5.5], "texture": "#0" },
        "down": { "uv": [8.25, 7.5, 8, 8.5], "texture": "#0" }
      }
    },
    {
      "from": [7.61, 1.31, 12.61],
      "to": [8.29, 4.49, 14.09],
      "rotation": { "angle": -22.5, "axis": "x", "origin": [7.95, 2.85, 13] },
      "faces": {
        "north": { "uv": [8, 0, 8.25, 1.5], "texture": "#0" },
        "east": { "uv": [2, 5, 2.75, 6.5], "texture": "#0" },
        "south": { "uv": [1, 8, 1.25, 9.5], "texture": "#0" },
        "west": { "uv": [4.5, 5, 5.25, 6.5], "texture": "#0" },
        "up": { "uv": [9.25, 9.25, 9, 8.5], "texture": "#0" },
        "down": { "uv": [0.25, 9.5, 0, 10.25], "texture": "#0" }
      }
    },
    {
      "from": [7.6, 5.5, 13.9],
      "to": [8.3, 6.9, 19.7],
      "rotation": { "angle": 0, "axis": "y", "origin": [7.95, 2.85, 13] },
      "faces": {
        "north": { "uv": [9.5, 0, 9.75, 0.75], "texture": "#0" },
        "east": { "uv": [0, 4, 3, 4.75], "texture": "#0" },
        "south": { "uv": [0.5, 9.5, 0.75, 10.25], "texture": "#0" },
        "west": { "uv": [4, 0, 7, 0.75], "texture": "#0" },
        "up": { "uv": [7.25, 5, 7, 2], "texture": "#0" },
        "down": { "uv": [4.25, 7, 4, 10], "texture": "#0" }
      }
    },
    {
      "from": [7.62, 4.92, 17.52],
      "to": [8.3, 5.5, 19.7],
      "rotation": { "angle": 0, "axis": "y", "origin": [7.96, 2.86, 13.01] },
      "faces": {
        "north": { "uv": [4.5, 10, 4.75, 10.25], "texture": "#0" },
        "east": { "uv": [9, 2, 10, 2.25], "texture": "#0" },
        "south": { "uv": [10, 4.5, 10.25, 4.75], "texture": "#0" },
        "west": { "uv": [9, 5, 10, 5.25], "texture": "#0" },
        "up": { "uv": [5.25, 10, 5, 9], "texture": "#0" },
        "down": { "uv": [9.25, 5.5, 9, 6.5], "texture": "#0" }
      }
    },
    {
      "from": [7.599, 4.45416, 15.59961],
      "to": [8.299, 5.85416, 20.79961],
      "rotation": {
        "angle": 22.5,
        "axis": "x",
        "origin": [7.949, 8.15416, 17.89961]
      },
      "faces": {
        "north": { "uv": [1, 9.5, 1.25, 10.25], "texture": "#0" },
        "east": { "uv": [4.5, 3, 7, 3.75], "texture": "#0" },
        "south": { "uv": [9.5, 1, 9.75, 1.75], "texture": "#0" },
        "west": { "uv": [4.5, 4, 7, 4.75], "texture": "#0" },
        "up": { "uv": [7.25, 7.5, 7, 5], "texture": "#0" },
        "down": { "uv": [5.75, 7, 5.5, 9.5], "texture": "#0" }
      }
    },
    {
      "from": [7.7, 4.099, 10.3],
      "to": [8.2, 4.099, 12],
      "rotation": { "angle": 0, "axis": "y", "origin": [0, 1.899, -2] },
      "faces": {
        "north": { "uv": [0, 0, 0.25, 0], "texture": "#0" },
        "east": { "uv": [0, 0, 0.75, 0], "texture": "#0" },
        "south": { "uv": [0, 0, 0.25, 0], "texture": "#0" },
        "west": { "uv": [0, 0, 0.75, 0], "texture": "#0" },
        "up": { "uv": [9.25, 8.25, 9, 7.5], "texture": "#0" },
        "down": { "uv": [8.75, 9, 8.5, 9.75], "texture": "#0" }
      }
    },
    {
      "from": [7.7, 4.099, 10.3],
      "to": [8.2, 6.499, 10.3],
      "rotation": { "angle": 0, "axis": "y", "origin": [0, 1.899, -2] },
      "faces": {
        "north": { "uv": [1.5, 8, 1.75, 9.25], "texture": "#0" },
        "east": { "uv": [0, 0, 0, 1.25], "texture": "#0" },
        "south": { "uv": [8, 4, 8.25, 5.25], "texture": "#0" },
        "west": { "uv": [0, 0, 0, 1.25], "texture": "#0" },
        "up": { "uv": [0.25, 0, 0, 0], "texture": "#0" },
        "down": { "uv": [0.25, 0, 0, 0], "texture": "#0" }
      }
    },
    {
      "from": [7.7, 4.099, 9.3],
      "to": [8.2, 6.499, 9.3],
      "rotation": { "angle": 0, "axis": "y", "origin": [0, 1.899, -2] },
      "faces": {
        "north": { "uv": [7, 8, 7.25, 9.25], "texture": "#0" },
        "east": { "uv": [0, 0, 0, 1.25], "texture": "#0" },
        "south": { "uv": [7.5, 8, 7.75, 9.25], "texture": "#0" },
        "west": { "uv": [0, 0, 0, 1.25], "texture": "#0" },
        "up": { "uv": [0.25, 0, 0, 0], "texture": "#0" },
        "down": { "uv": [0.25, 0, 0, 0], "texture": "#0" }
      }
    },
    {
      "from": [8.6, 6.899, 7.5],
      "to": [9.1, 7.299, 7.5],
      "rotation": { "angle": 0, "axis": "y", "origin": [0, 1.899, -2] },
      "faces": {
        "north": { "uv": [5, 10, 5.25, 10.25], "texture": "#0" },
        "east": { "uv": [0, 0, 0, 0.25], "texture": "#0" },
        "south": { "uv": [10, 5, 10.25, 5.25], "texture": "#0" },
        "west": { "uv": [0, 0, 0, 0.25], "texture": "#0" },
        "up": { "uv": [0.25, 0, 0, 0], "texture": "#0" },
        "down": { "uv": [0.25, 0, 0, 0], "texture": "#0" }
      }
    },
    {
      "from": [7.7, 4.8, 11.2],
      "to": [8.2, 5.6, 12],
      "rotation": { "angle": 0, "axis": "y", "origin": [0, 1.6, 0] },
      "faces": {
        "north": { "uv": [3.5, 9.5, 3.75, 10], "texture": "#0" },
        "east": { "uv": [8.5, 1, 9, 1.5], "texture": "#0" },
        "south": { "uv": [9.5, 4, 9.75, 4.5], "texture": "#0" },
        "west": { "uv": [8.5, 2, 9, 2.5], "texture": "#0" },
        "up": { "uv": [9.75, 5, 9.5, 4.5], "texture": "#0" },
        "down": { "uv": [5.75, 9.5, 5.5, 10], "texture": "#0" }
      }
    },
    {
      "from": [7.7, 4.8, 9.3],
      "to": [8.2, 5.6, 10.3],
      "rotation": { "angle": 0, "axis": "y", "origin": [0, 1.6, 0] },
      "faces": {
        "north": { "uv": [9.5, 8.5, 9.75, 9], "texture": "#0" },
        "east": { "uv": [8.5, 7, 9, 7.5], "texture": "#0" },
        "south": { "uv": [9, 9.5, 9.25, 10], "texture": "#0" },
        "west": { "uv": [8.5, 7.5, 9, 8], "texture": "#0" },
        "up": { "uv": [9.75, 9.5, 9.5, 9], "texture": "#0" },
        "down": { "uv": [9.75, 9.5, 9.5, 10], "texture": "#0" }
      }
    },
    {
      "from": [7.59, 2.0488, 6.68344],
      "to": [8.31, 4.0688, 8.70344],
      "rotation": {
        "angle": 22.5,
        "axis": "x",
        "origin": [7.95, 3.0588, 7.69344]
      },
      "faces": {
        "north": { "uv": [0, 8.5, 0.25, 9.5], "texture": "#0" },
        "east": { "uv": [5.5, 5, 6.5, 6], "texture": "#0" },
        "south": { "uv": [8.5, 0, 8.75, 1], "texture": "#0" },
        "west": { "uv": [6, 1, 7, 2], "texture": "#0" },
        "up": { "uv": [0.75, 9.5, 0.5, 8.5], "texture": "#0" },
        "down": { "uv": [2.25, 8.5, 2, 9.5], "texture": "#0" }
      }
    },
    {
      "from": [7.6, 0.75224, 5.82042],
      "to": [8.3, 2.75224, 7.82042],
      "rotation": {
        "angle": 45,
        "axis": "x",
        "origin": [7.95, 1.75224, 6.82042]
      },
      "faces": {
        "north": { "uv": [2.5, 9, 2.75, 10], "texture": "#0" },
        "east": { "uv": [2, 6.5, 3, 7.5], "texture": "#0" },
        "south": { "uv": [3, 9, 3.25, 10], "texture": "#0" },
        "west": { "uv": [4.5, 6.5, 5.5, 7.5], "texture": "#0" },
        "up": { "uv": [9.25, 5, 9, 4], "texture": "#0" },
        "down": { "uv": [4.75, 9, 4.5, 10], "texture": "#0" }
      }
    },
    {
      "from": [7.6, 3.6, 7],
      "to": [8.3, 5.6, 9],
      "rotation": { "angle": 0, "axis": "y", "origin": [0, 1.6, 0] },
      "faces": {
        "north": { "uv": [8, 8.5, 8.25, 9.5], "texture": "#0" },
        "east": { "uv": [6, 2, 7, 3], "texture": "#0" },
        "south": { "uv": [8.5, 8, 8.75, 9], "texture": "#0" },
        "west": { "uv": [5.5, 6, 6.5, 7], "texture": "#0" },
        "up": { "uv": [9.25, 1, 9, 0], "texture": "#0" },
        "down": { "uv": [9.25, 1, 9, 2], "texture": "#0" }
      }
    },
    {
      "from": [7.29, 6.79, 4.99],
      "to": [8.71, 7.81, 6.61],
      "rotation": { "angle": 0, "axis": "y", "origin": [0, 1.6, 0] },
      "faces": {
        "north": { "uv": [7.5, 6.5, 8.25, 7], "texture": "#0" },
        "east": { "uv": [7, 7.5, 7.75, 8], "texture": "#0" },
        "south": { "uv": [7.5, 7, 8.25, 7.5], "texture": "#0" },
        "west": { "uv": [0, 8, 0.75, 8.5], "texture": "#0" },
        "up": { "uv": [2.75, 8.25, 2, 7.5], "texture": "#0" },
        "down": { "uv": [8.25, 2, 7.5, 2.75], "texture": "#0" }
      }
    },
    {
      "from": [7.29, 6.19, 4.99],
      "to": [8.71, 6.81, 6.01],
      "rotation": { "angle": 0, "axis": "y", "origin": [0, 1.6, 0] },
      "faces": {
        "north": { "uv": [1.5, 9.5, 2.25, 9.75], "texture": "#0" },
        "east": { "uv": [10, 2, 10.5, 2.25], "texture": "#0" },
        "south": { "uv": [9.5, 2.5, 10.25, 2.75], "texture": "#0" },
        "west": { "uv": [2.5, 10, 3, 10.25], "texture": "#0" },
        "up": { "uv": [8.75, 2, 8, 1.5], "texture": "#0" },
        "down": { "uv": [3.75, 8, 3, 8.5], "texture": "#0" }
      }
    },
    {
      "from": [7.7, 6.8, -0.2],
      "to": [8.3, 7.3, 2],
      "rotation": { "angle": 0, "axis": "y", "origin": [0, 1.6, 0] },
      "faces": {
        "north": { "uv": [3, 10, 3.25, 10.25], "texture": "#0" },
        "east": { "uv": [2.5, 8.5, 3.5, 8.75], "texture": "#0" },
        "south": { "uv": [10, 3, 10.25, 3.25], "texture": "#0" },
        "west": { "uv": [8.5, 2.5, 9.5, 2.75], "texture": "#0" },
        "up": { "uv": [3.75, 9.5, 3.5, 8.5], "texture": "#0" },
        "down": { "uv": [8.75, 4, 8.5, 5], "texture": "#0" }
      }
    },
    {
      "from": [7.7, 6, -2.4],
      "to": [8.3, 6.5, 2],
      "rotation": { "angle": 0, "axis": "y", "origin": [0, 1.6, 0] },
      "faces": {
        "north": { "uv": [3.5, 10, 3.75, 10.25], "texture": "#0" },
        "east": { "uv": [7.5, 3, 9.75, 3.25], "texture": "#0" },
        "south": { "uv": [10, 3.5, 10.25, 3.75], "texture": "#0" },
        "west": { "uv": [7.5, 3.5, 9.75, 3.75], "texture": "#0" },
        "up": { "uv": [6.25, 9.25, 6, 7], "texture": "#0" },
        "down": { "uv": [7.75, 4, 7.5, 6.25], "texture": "#0" }
      }
    },
    {
      "from": [7.7, 6.5, -2],
      "to": [8.3, 7.3, -1],
      "rotation": { "angle": 0, "axis": "y", "origin": [0, 1.6, 0] },
      "faces": {
        "north": { "uv": [9.5, 5.5, 9.75, 6], "texture": "#0" },
        "east": { "uv": [4.5, 8.5, 5, 9], "texture": "#0" },
        "south": { "uv": [6, 9.5, 6.25, 10], "texture": "#0" },
        "west": { "uv": [5, 8.5, 5.5, 9], "texture": "#0" },
        "up": { "uv": [9.75, 6.5, 9.5, 6], "texture": "#0" },
        "down": { "uv": [9.75, 6.5, 9.5, 7], "texture": "#0" }
      }
    },
    {
      "from": [8.3, 7.3, -2],
      "to": [8.3, 8.1, -1.5],
      "rotation": { "angle": 0, "axis": "y", "origin": [0, 1.6, 0] },
      "faces": {
        "north": { "uv": [0, 0, 0, 0.5], "texture": "#0" },
        "east": { "uv": [7, 9.5, 7.25, 10], "texture": "#0" },
        "south": { "uv": [0, 0, 0, 0.5], "texture": "#0" },
        "west": { "uv": [9.5, 7, 9.75, 7.5], "texture": "#0" },
        "up": { "uv": [0, 0.25, 0, 0], "texture": "#0" },
        "down": { "uv": [0, 0, 0, 0.25], "texture": "#0" }
      }
    },
    {
      "from": [8.3, 7.5, 5.4],
      "to": [8.3, 8.3, 6],
      "rotation": { "angle": 0, "axis": "y", "origin": [0, 1.6, 0] },
      "faces": {
        "north": { "uv": [0, 0, 0, 0.5], "texture": "#0" },
        "east": { "uv": [10, 1, 10.25, 1.5], "texture": "#0" },
        "south": { "uv": [0, 0, 0, 0.5], "texture": "#0" },
        "west": { "uv": [1.5, 10, 1.75, 10.5], "texture": "#0" },
        "up": { "uv": [0, 0.25, 0, 0], "texture": "#0" },
        "down": { "uv": [0, 0, 0, 0.25], "texture": "#0" }
      }
    },
    {
      "from": [7.7, 7.3, -2],
      "to": [7.7, 8.1, -1.5],
      "rotation": { "angle": 0, "axis": "y", "origin": [0, 1.6, 0] },
      "faces": {
        "north": { "uv": [0, 0, 0, 0.5], "texture": "#0" },
        "east": { "uv": [10, 0, 10.25, 0.5], "texture": "#0" },
        "south": { "uv": [0, 0, 0, 0.5], "texture": "#0" },
        "west": { "uv": [10, 0.5, 10.25, 1], "texture": "#0" },
        "up": { "uv": [0, 0.25, 0, 0], "texture": "#0" },
        "down": { "uv": [0, 0, 0, 0.25], "texture": "#0" }
      }
    },
    {
      "from": [7.7, 7.5, 5.4],
      "to": [7.7, 8.3, 6],
      "rotation": { "angle": 0, "axis": "y", "origin": [0, 1.6, 0] },
      "faces": {
        "north": { "uv": [0, 0, 0, 0.5], "texture": "#0" },
        "east": { "uv": [10, 1.5, 10.25, 2], "texture": "#0" },
        "south": { "uv": [0, 0, 0, 0.5], "texture": "#0" },
        "west": { "uv": [2, 10, 2.25, 10.5], "texture": "#0" },
        "up": { "uv": [0, 0.25, 0, 0], "texture": "#0" },
        "down": { "uv": [0, 0, 0, 0.25], "texture": "#0" }
      }
    },
    {
      "from": [7.7, 6.4, -0.2],
      "to": [8.3, 7.2, 0.3],
      "rotation": { "angle": 0, "axis": "y", "origin": [0, 1.6, 0] },
      "faces": {
        "north": { "uv": [7.5, 9.5, 7.75, 10], "texture": "#0" },
        "east": { "uv": [9.5, 7.5, 9.75, 8], "texture": "#0" },
        "south": { "uv": [8, 9.5, 8.25, 10], "texture": "#0" },
        "west": { "uv": [9.5, 8, 9.75, 8.5], "texture": "#0" },
        "up": { "uv": [4.25, 10.25, 4, 10], "texture": "#0" },
        "down": { "uv": [10.25, 4, 10, 4.25], "texture": "#0" }
      }
    }
  ],
  "display": {
    "thirdperson_righthand": {
      "translation": [0, 6, -0.75]
    },
    "thirdperson_lefthand": {
      "translation": [-11, 6, -0.75]
    },
    "firstperson_righthand": {
      "translation": [0, 7, -1.75]
    },
    "firstperson_lefthand": {
      "rotation": [2, 0, 0],
      "translation": [-9.05, 7, 0],
      "scale": [1.88, 1.6, 1.02]
    },
    "ground": {
      "translation": [0, 6.5, 0]
    },
    "gui": {
      "rotation": [108.92, 45, -103],
      "translation": [0.75, 2, 0],
      "scale": [0.95, 0.95, 0.95]
    },
    "head": {
      "translation": [0, 14, -3]
    },
    "fixed": {
      "rotation": [90, 54.5, -90],
      "translation": [0, 2.5, 0]
    }
  }
}
