{
  "credit": "Made with Blockbench",
  "texture_size": [32, 32],
  "textures": {
    "0": "block/pistol_texture",
    "particle": "block/pistol_texture"
  },
  "elements": [
    {
      "from": [7.394, 0.714, 10.394],
      "to": [8.606, 4.386, 12.146],
      "rotation": { "angle": -22.5, "axis": "x", "origin": [8, 2.34, 11.9] },
      "faces": {
        "north": { "uv": [6.5, 0, 7, 1.75], "texture": "#0" },
        "east": { "uv": [5, 0, 5.75, 1.75], "texture": "#0" },
        "south": { "uv": [6.5, 2.5, 7, 4.25], "texture": "#0" },
        "west": { "uv": [2, 5, 2.75, 6.75], "texture": "#0" },
        "up": { "uv": [3, 8.25, 2.5, 7.5], "texture": "#0" },
        "down": { "uv": [4, 7.5, 3.5, 8.25], "texture": "#0" }
      }
    },
    {
      "from": [7.4, 4.2, 4.46],
      "to": [8.6, 5.4, 12.14],
      "rotation": { "angle": 0, "axis": "y", "origin": [3.2, 0.6, 3.2] },
      "faces": {
        "north": { "uv": [0, 8.5, 0.5, 9], "texture": "#0" },
        "east": { "uv": [0, 0, 3.75, 0.5], "texture": "#0" },
        "south": { "uv": [8.5, 2, 9, 2.5], "texture": "#0" },
        "west": { "uv": [0, 1, 3.75, 1.5], "texture": "#0" },
        "up": { "uv": [0.5, 5.75, 0, 2], "texture": "#0" },
        "down": { "uv": [1.5, 2, 1, 5.75], "texture": "#0" }
      }
    },
    {
      "from": [7.34, 4.56, 4.4],
      "to": [8.66, 5.52, 7.94],
      "rotation": { "angle": 0, "axis": "y", "origin": [3.2, 0.6, 3.2] },
      "faces": {
        "north": { "uv": [7.5, 3.5, 8.25, 4], "texture": "#0" },
        "east": { "uv": [6.5, 5, 8.25, 5.5], "texture": "#0" },
        "south": { "uv": [4.5, 8, 5.25, 8.5], "texture": "#0" },
        "west": { "uv": [6.5, 6, 8.25, 6.5], "texture": "#0" },
        "up": { "uv": [5.75, 4.25, 5, 2.5], "texture": "#0" },
        "down": { "uv": [4.25, 5, 3.5, 6.75], "texture": "#0" }
      }
    },
    {
      "from": [7.34, 4.56, 9.68],
      "to": [8.66, 5.52, 12.2],
      "rotation": { "angle": 0, "axis": "y", "origin": [3.2, 0.6, 3.2] },
      "faces": {
        "north": { "uv": [6, 8, 6.75, 8.5], "texture": "#0" },
        "east": { "uv": [5, 7, 6.25, 7.5], "texture": "#0" },
        "south": { "uv": [7.5, 8, 8.25, 8.5], "texture": "#0" },
        "west": { "uv": [7, 7, 8.25, 7.5], "texture": "#0" },
        "up": { "uv": [5.75, 6.25, 5, 5], "texture": "#0" },
        "down": { "uv": [0.75, 6.5, 0, 7.75], "texture": "#0" }
      }
    },
    {
      "from": [7.4, 3.6, 9.74],
      "to": [8.6, 4.2, 11.6],
      "rotation": { "angle": 0, "axis": "y", "origin": [3.2, 0.6, 3.2] },
      "faces": {
        "north": { "uv": [0, 9.5, 0.5, 9.75], "texture": "#0" },
        "east": { "uv": [1, 9, 2, 9.25], "texture": "#0" },
        "south": { "uv": [1, 10, 1.5, 10.25], "texture": "#0" },
        "west": { "uv": [2.5, 9, 3.5, 9.25], "texture": "#0" },
        "up": { "uv": [2, 8.5, 1.5, 7.5], "texture": "#0" },
        "down": { "uv": [8, 2, 7.5, 3], "texture": "#0" }
      }
    },
    {
      "from": [7.7, 3, 8.6],
      "to": [8.3, 3.3, 10.4],
      "rotation": { "angle": 0, "axis": "y", "origin": [3.2, 0.6, 3.2] },
      "faces": {
        "north": { "uv": [8.5, 10, 8.75, 10.25], "texture": "#0" },
        "east": { "uv": [9, 3, 10, 3.25], "texture": "#0" },
        "south": { "uv": [10, 9, 10.25, 9.25], "texture": "#0" },
        "west": { "uv": [4, 9, 5, 9.25], "texture": "#0" },
        "up": { "uv": [9.25, 5, 9, 4], "texture": "#0" },
        "down": { "uv": [5.75, 9, 5.5, 10], "texture": "#0" }
      }
    },
    {
      "from": [7.7, 3, 8.3],
      "to": [8.3, 4.5, 8.6],
      "rotation": { "angle": 0, "axis": "y", "origin": [3.2, 0.6, 3.2] },
      "faces": {
        "north": { "uv": [9, 5.5, 9.25, 6.25], "texture": "#0" },
        "east": { "uv": [6.5, 9, 6.75, 9.75], "texture": "#0" },
        "south": { "uv": [9, 7, 9.25, 7.75], "texture": "#0" },
        "west": { "uv": [7.5, 9, 7.75, 9.75], "texture": "#0" },
        "up": { "uv": [9.75, 10.25, 9.5, 10], "texture": "#0" },
        "down": { "uv": [0.25, 10.5, 0, 10.75], "texture": "#0" }
      }
    },
    {
      "from": [7.7, 3.66913, 9.42592],
      "to": [8.3, 4.38913, 9.72592],
      "rotation": { "angle": 22.5, "axis": "x", "origin": [8, 4.02, 9.35] },
      "faces": {
        "north": { "uv": [10.5, 0, 10.75, 0.25], "texture": "#0" },
        "east": { "uv": [10.5, 1, 10.75, 1.25], "texture": "#0" },
        "south": { "uv": [10.5, 3, 10.75, 3.25], "texture": "#0" },
        "west": { "uv": [5, 10.5, 5.25, 10.75], "texture": "#0" },
        "up": { "uv": [6.25, 10.75, 6, 10.5], "texture": "#0" },
        "down": { "uv": [7.25, 10.5, 7, 10.75], "texture": "#0" }
      }
    },
    {
      "from": [7.274, 4.194, 7.994],
      "to": [8.726, 4.566, 12.386],
      "rotation": { "angle": 0, "axis": "y", "origin": [3.2, 0.6, 3.2] },
      "faces": {
        "north": { "uv": [8.5, 9, 9.25, 9.25], "texture": "#0" },
        "east": { "uv": [7.5, 0, 9.75, 0.25], "texture": "#0" },
        "south": { "uv": [9.5, 2, 10.25, 2.25], "texture": "#0" },
        "west": { "uv": [7.5, 1, 9.75, 1.25], "texture": "#0" },
        "up": { "uv": [2.75, 4.25, 2, 2], "texture": "#0" },
        "down": { "uv": [4.25, 2, 3.5, 4.25], "texture": "#0" }
      }
    },
    {
      "from": [7.52, 2.1, 10.04],
      "to": [8.48, 2.7, 10.64],
      "rotation": { "angle": 22.5, "axis": "x", "origin": [8.12, 2.1, 10.1] },
      "faces": {
        "north": { "uv": [2, 10, 2.5, 10.25], "texture": "#0" },
        "east": { "uv": [10.5, 10, 10.75, 10.25], "texture": "#0" },
        "south": { "uv": [3, 10, 3.5, 10.25], "texture": "#0" },
        "west": { "uv": [1, 11, 1.25, 11.25], "texture": "#0" },
        "up": { "uv": [4.5, 10.25, 4, 10], "texture": "#0" },
        "down": { "uv": [10.5, 4, 10, 4.25], "texture": "#0" }
      }
    },
    {
      "from": [7.52, 1.44, 10.64],
      "to": [8.48, 2.04, 11.24],
      "rotation": { "angle": 22.5, "axis": "x", "origin": [8.12, 2.1, 10.1] },
      "faces": {
        "north": { "uv": [10, 5, 10.5, 5.25], "texture": "#0" },
        "east": { "uv": [2, 11, 2.25, 11.25], "texture": "#0" },
        "south": { "uv": [10, 6, 10.5, 6.25], "texture": "#0" },
        "west": { "uv": [11, 2, 11.25, 2.25], "texture": "#0" },
        "up": { "uv": [10.5, 7.25, 10, 7], "texture": "#0" },
        "down": { "uv": [10.5, 8, 10, 8.25], "texture": "#0" }
      }
    },
    {
      "from": [7.7, 4.8, 4.16],
      "to": [8.3, 5.4, 4.76],
      "rotation": { "angle": 0, "axis": "y", "origin": [3.2, 0, 3.2] },
      "faces": {
        "north": { "uv": [3, 11, 3.25, 11.25], "texture": "#0" },
        "east": { "uv": [4, 11, 4.25, 11.25], "texture": "#0" },
        "south": { "uv": [11, 4, 11.25, 4.25], "texture": "#0" },
        "west": { "uv": [11, 5, 11.25, 5.25], "texture": "#0" },
        "up": { "uv": [11.25, 6.25, 11, 6], "texture": "#0" },
        "down": { "uv": [11.25, 7, 11, 7.25], "texture": "#0" }
      }
    },
    {
      "from": [7.82, 5.16, 5],
      "to": [8.12, 5.76, 5.42],
      "rotation": { "angle": 0, "axis": "y", "origin": [8.42, 5.7, 5.9] },
      "faces": {
        "north": { "uv": [8, 11, 8.25, 11.25], "texture": "#0" },
        "east": { "uv": [11, 8, 11.25, 8.25], "texture": "#0" },
        "south": { "uv": [9, 11, 9.25, 11.25], "texture": "#0" },
        "west": { "uv": [11, 9, 11.25, 9.25], "texture": "#0" },
        "up": { "uv": [10.25, 11.25, 10, 11], "texture": "#0" },
        "down": { "uv": [11.25, 11, 11, 11.25], "texture": "#0" }
      }
    },
    {
      "from": [7.82, 4.9618, 4.61665],
      "to": [8.12, 5.5618, 5.09665],
      "rotation": {
        "angle": -45,
        "axis": "x",
        "origin": [8.42, 5.54423, 4.80908]
      },
      "faces": {
        "north": { "uv": [0, 11.5, 0.25, 11.75], "texture": "#0" },
        "east": { "uv": [11.5, 0, 11.75, 0.25], "texture": "#0" },
        "south": { "uv": [11.5, 1, 11.75, 1.25], "texture": "#0" },
        "west": { "uv": [11.5, 3, 11.75, 3.25], "texture": "#0" },
        "up": { "uv": [5.25, 11.75, 5, 11.5], "texture": "#0" },
        "down": { "uv": [6.25, 11.5, 6, 11.75], "texture": "#0" }
      }
    },
    {
      "from": [7.346, 5.166, 11.606],
      "to": [7.814, 5.754, 11.894],
      "rotation": { "angle": 0, "axis": "y", "origin": [7.94, 5.7, 12.5] },
      "faces": {
        "north": { "uv": [7, 11.5, 7.25, 11.75], "texture": "#0" },
        "east": { "uv": [11.5, 10, 11.75, 10.25], "texture": "#0" },
        "south": { "uv": [1, 12, 1.25, 12.25], "texture": "#0" },
        "west": { "uv": [2, 12, 2.25, 12.25], "texture": "#0" },
        "up": { "uv": [12.25, 2.25, 12, 2], "texture": "#0" },
        "down": { "uv": [3.25, 12, 3, 12.25], "texture": "#0" }
      }
    },
    {
      "from": [7.346, 4.9678, 11.22265],
      "to": [7.754, 5.5558, 11.69065],
      "rotation": {
        "angle": -45,
        "axis": "x",
        "origin": [7.94, 5.54423, 11.40908]
      },
      "faces": {
        "north": { "uv": [4, 12, 4.25, 12.25], "texture": "#0" },
        "east": { "uv": [12, 4, 12.25, 4.25], "texture": "#0" },
        "south": { "uv": [12, 5, 12.25, 5.25], "texture": "#0" },
        "west": { "uv": [12, 6, 12.25, 6.25], "texture": "#0" },
        "up": { "uv": [12.25, 7.25, 12, 7], "texture": "#0" },
        "down": { "uv": [8.25, 12, 8, 12.25], "texture": "#0" }
      }
    },
    {
      "from": [8.186, 5.166, 11.606],
      "to": [8.654, 5.754, 11.894],
      "rotation": { "angle": 0, "axis": "y", "origin": [8.96, 5.7, 12.5] },
      "faces": {
        "north": { "uv": [12, 8, 12.25, 8.25], "texture": "#0" },
        "east": { "uv": [9, 12, 9.25, 12.25], "texture": "#0" },
        "south": { "uv": [12, 9, 12.25, 9.25], "texture": "#0" },
        "west": { "uv": [10, 12, 10.25, 12.25], "texture": "#0" },
        "up": { "uv": [11.25, 12.25, 11, 12], "texture": "#0" },
        "down": { "uv": [12.25, 11, 12, 11.25], "texture": "#0" }
      }
    },
    {
      "from": [8.366, 4.9678, 11.22265],
      "to": [8.654, 5.5558, 11.69065],
      "rotation": {
        "angle": -45,
        "axis": "x",
        "origin": [8.96, 5.54423, 11.40908]
      },
      "faces": {
        "north": { "uv": [12, 12, 12.25, 12.25], "texture": "#0" },
        "east": { "uv": [0, 12.5, 0.25, 12.75], "texture": "#0" },
        "south": { "uv": [12.5, 0, 12.75, 0.25], "texture": "#0" },
        "west": { "uv": [12.5, 1, 12.75, 1.25], "texture": "#0" },
        "up": { "uv": [12.75, 3.25, 12.5, 3], "texture": "#0" },
        "down": { "uv": [5.25, 12.5, 5, 12.75], "texture": "#0" }
      }
    },
    {
      "from": [7.76, 5.16, 11.6],
      "to": [8.24, 5.58, 11.9],
      "rotation": { "angle": 0, "axis": "y", "origin": [7.94, 5.7, 12.5] },
      "faces": {
        "north": { "uv": [6, 12.5, 6.25, 12.75], "texture": "#0" },
        "east": { "uv": [7, 12.5, 7.25, 12.75], "texture": "#0" },
        "south": { "uv": [12.5, 10, 12.75, 10.25], "texture": "#0" },
        "west": { "uv": [1, 13, 1.25, 13.25], "texture": "#0" },
        "up": { "uv": [2.25, 13.25, 2, 13], "texture": "#0" },
        "down": { "uv": [13.25, 2, 13, 2.25], "texture": "#0" }
      }
    }
  ],
  "display": {
    "thirdperson_righthand": {
      "rotation": [66.75, 0, 0],
      "translation": [0, 5.75, 6.25]
    },
    "thirdperson_lefthand": {
      "rotation": [66.75, 0, 0],
      "translation": [-11, 5.75, 6.25]
    },
    "firstperson_righthand": {
      "translation": [-0.25, 9.5, -0.75],
      "scale": [1, 1.16, 1]
    },
    "firstperson_lefthand": {
      "translation": [-9.17, 12, 0],
      "scale": [2, 2, 2]
    },
    "ground": {
      "translation": [0, 4.25, 0]
    },
    "gui": {
      "rotation": [90, 73.75, -90],
      "translation": [1.25, 9.5, 0],
      "scale": [2, 2, 2]
    },
    "head": {
      "translation": [0, 13.25, -5.75]
    },
    "fixed": {
      "rotation": [0, 84, 0],
      "translation": [-2, 5, -1.75]
    }
  },
  "groups": [
    0,
    1,
    2,
    3,
    4,
    5,
    6,
    7,
    8,
    9,
    10,
    11,
    {
      "name": "group",
      "origin": [8, 8, 8],
      "color": 0,
      "children": [12, 13]
    },
    {
      "name": "group",
      "origin": [8, 8, 8],
      "color": 0,
      "children": [14, 15, 16, 17]
    },
    {
      "name": "group",
      "origin": [8, 8, 8],
      "color": 0,
      "children": [18]
    }
  ]
}
