{
	"credit": "Made with Blockbench",
	"texture_size": [32, 32],
	"textures": {
		"0": "block/shotgun_texture",
		"particle": "block/shotgun_texture"
	},
	"elements": [
		{
			"name": "hexadecagon",
			"from": [7.9599, 7.7984, 1.4674],
			"to": [8.0401, 8.2016, 8.4126],
			"rotation": {"angle": -45, "axis": "z", "origin": [8, 8, 7]},
			"faces": {
				"north": {"uv": [11, 7, 11.25, 7.25], "texture": "#0"},
				"east": {"uv": [0, 0, 3.5, 0.25], "texture": "#0"},
				"south": {"uv": [11, 7.5, 11.25, 7.75], "texture": "#0"},
				"west": {"uv": [0, 0.5, 3.5, 0.75], "texture": "#0"},
				"up": {"uv": [0.25, 4.5, 0, 1], "texture": "#0"},
				"down": {"uv": [0.75, 1, 0.5, 4.5], "texture": "#0"}
			}
		},
		{
			"name": "hexadecagon",
			"from": [7.9599, 7.7984, 1.4674],
			"to": [8.0401, 8.2016, 8.4126],
			"rotation": {"angle": -22.5, "axis": "z", "origin": [8, 8, 7]},
			"faces": {
				"north": {"uv": [8, 11, 8.25, 11.25], "texture": "#0"},
				"east": {"uv": [1, 1, 4.5, 1.25], "texture": "#0"},
				"south": {"uv": [8.5, 11, 8.75, 11.25], "texture": "#0"},
				"west": {"uv": [1, 1.5, 4.5, 1.75], "texture": "#0"},
				"up": {"uv": [1.25, 5.5, 1, 2], "texture": "#0"},
				"down": {"uv": [1.75, 2, 1.5, 5.5], "texture": "#0"}
			}
		},
		{
			"name": "hexadecagon",
			"from": [7.9599, 7.7984, 1.4674],
			"to": [8.0401, 8.2016, 8.4126],
			"rotation": {"angle": 0, "axis": "y", "origin": [8, 8, 7]},
			"faces": {
				"north": {"uv": [9, 11, 9.25, 11.25], "texture": "#0"},
				"east": {"uv": [2, 2, 5.5, 2.25], "texture": "#0"},
				"south": {"uv": [11, 9.5, 11.25, 9.75], "texture": "#0"},
				"west": {"uv": [2, 2.5, 5.5, 2.75], "texture": "#0"},
				"up": {"uv": [2.25, 6.5, 2, 3], "texture": "#0"},
				"down": {"uv": [2.75, 3, 2.5, 6.5], "texture": "#0"}
			}
		},
		{
			"name": "hexadecagon",
			"from": [7.9599, 7.7984, 1.4674],
			"to": [8.0401, 8.2016, 8.4126],
			"rotation": {"angle": 22.5, "axis": "z", "origin": [8, 8, 7]},
			"faces": {
				"north": {"uv": [10, 11, 10.25, 11.25], "texture": "#0"},
				"east": {"uv": [3, 3, 6.5, 3.25], "texture": "#0"},
				"south": {"uv": [10.5, 11, 10.75, 11.25], "texture": "#0"},
				"west": {"uv": [3.5, 0, 7, 0.25], "texture": "#0"},
				"up": {"uv": [3.25, 7, 3, 3.5], "texture": "#0"},
				"down": {"uv": [3.75, 3.5, 3.5, 7], "texture": "#0"}
			}
		},
		{
			"name": "hexadecagon",
			"from": [7.9599, 7.7984, 1.4674],
			"to": [8.0401, 8.2016, 8.4126],
			"rotation": {"angle": 45, "axis": "z", "origin": [8, 8, 7]},
			"faces": {
				"north": {"uv": [11, 10.5, 11.25, 10.75], "texture": "#0"},
				"east": {"uv": [3.5, 0.5, 7, 0.75], "texture": "#0"},
				"south": {"uv": [11, 11, 11.25, 11.25], "texture": "#0"},
				"west": {"uv": [4, 3.5, 7.5, 3.75], "texture": "#0"},
				"up": {"uv": [4.25, 7.5, 4, 4], "texture": "#0"},
				"down": {"uv": [0.25, 4.5, 0, 8], "texture": "#0"}
			}
		},
		{
			"name": "hexadecagon",
			"from": [7.7984, 7.9599, 1.4674],
			"to": [8.2016, 8.0401, 8.4126],
			"rotation": {"angle": -22.5, "axis": "z", "origin": [8, 8, 7]},
			"faces": {
				"north": {"uv": [0, 11.5, 0.25, 11.75], "texture": "#0"},
				"east": {"uv": [4.5, 1, 8, 1.25], "texture": "#0"},
				"south": {"uv": [11.5, 0, 11.75, 0.25], "texture": "#0"},
				"west": {"uv": [4.5, 1.5, 8, 1.75], "texture": "#0"},
				"up": {"uv": [0.75, 8, 0.5, 4.5], "texture": "#0"},
				"down": {"uv": [4.75, 4, 4.5, 7.5], "texture": "#0"}
			}
		},
		{
			"name": "hexadecagon",
			"from": [7.7984, 7.9599, 1.4674],
			"to": [8.2016, 8.0401, 8.4126],
			"rotation": {"angle": 0, "axis": "y", "origin": [8, 8, 7]},
			"faces": {
				"north": {"uv": [0.5, 11.5, 0.75, 11.75], "texture": "#0"},
				"east": {"uv": [5, 4, 8.5, 4.25], "texture": "#0"},
				"south": {"uv": [11.5, 0.5, 11.75, 0.75], "texture": "#0"},
				"west": {"uv": [5, 4.5, 8.5, 4.75], "texture": "#0"},
				"up": {"uv": [5.25, 8.5, 5, 5], "texture": "#0"},
				"down": {"uv": [1.25, 5.5, 1, 9], "texture": "#0"}
			}
		},
		{
			"name": "hexadecagon",
			"from": [7.7984, 7.9599, 1.4674],
			"to": [8.2016, 8.0401, 8.4126],
			"rotation": {"angle": 22.5, "axis": "z", "origin": [8, 8, 7]},
			"faces": {
				"north": {"uv": [11.5, 1, 11.75, 1.25], "texture": "#0"},
				"east": {"uv": [5.5, 2, 9, 2.25], "texture": "#0"},
				"south": {"uv": [11.5, 1.5, 11.75, 1.75], "texture": "#0"},
				"west": {"uv": [5.5, 2.5, 9, 2.75], "texture": "#0"},
				"up": {"uv": [1.75, 9, 1.5, 5.5], "texture": "#0"},
				"down": {"uv": [5.75, 5, 5.5, 8.5], "texture": "#0"}
			}
		},
		{
			"name": "hexadecagon",
			"from": [7.9599, 7.3984, 1.4674],
			"to": [8.0401, 7.8016, 8.4126],
			"rotation": {"angle": -45, "axis": "z", "origin": [8, 7.6, 7]},
			"faces": {
				"north": {"uv": [2, 11.5, 2.25, 11.75], "texture": "#0"},
				"east": {"uv": [6, 5, 9.5, 5.25], "texture": "#0"},
				"south": {"uv": [11.5, 2, 11.75, 2.25], "texture": "#0"},
				"west": {"uv": [6, 5.5, 9.5, 5.75], "texture": "#0"},
				"up": {"uv": [6.25, 9.5, 6, 6], "texture": "#0"},
				"down": {"uv": [2.25, 6.5, 2, 10], "texture": "#0"}
			}
		},
		{
			"name": "hexadecagon",
			"from": [7.9599, 7.3984, 1.4674],
			"to": [8.0401, 7.8016, 8.4126],
			"rotation": {"angle": -22.5, "axis": "z", "origin": [8, 7.6, 7]},
			"faces": {
				"north": {"uv": [2.5, 11.5, 2.75, 11.75], "texture": "#0"},
				"east": {"uv": [6.5, 3, 10, 3.25], "texture": "#0"},
				"south": {"uv": [11.5, 2.5, 11.75, 2.75], "texture": "#0"},
				"west": {"uv": [6.5, 6, 10, 6.25], "texture": "#0"},
				"up": {"uv": [2.75, 10, 2.5, 6.5], "texture": "#0"},
				"down": {"uv": [6.75, 6.5, 6.5, 10], "texture": "#0"}
			}
		},
		{
			"name": "hexadecagon",
			"from": [7.9599, 7.3984, 1.4674],
			"to": [8.0401, 7.8016, 8.4126],
			"rotation": {"angle": 0, "axis": "y", "origin": [8, 7.6, 7]},
			"faces": {
				"north": {"uv": [3, 11.5, 3.25, 11.75], "texture": "#0"},
				"east": {"uv": [7, 0, 10.5, 0.25], "texture": "#0"},
				"south": {"uv": [11.5, 3, 11.75, 3.25], "texture": "#0"},
				"west": {"uv": [7, 0.5, 10.5, 0.75], "texture": "#0"},
				"up": {"uv": [3.25, 10.5, 3, 7], "texture": "#0"},
				"down": {"uv": [3.75, 7, 3.5, 10.5], "texture": "#0"}
			}
		},
		{
			"name": "hexadecagon",
			"from": [7.9599, 7.3984, 1.4674],
			"to": [8.0401, 7.8016, 8.4126],
			"rotation": {"angle": 22.5, "axis": "z", "origin": [8, 7.6, 7]},
			"faces": {
				"north": {"uv": [3.5, 11.5, 3.75, 11.75], "texture": "#0"},
				"east": {"uv": [7, 6.5, 10.5, 6.75], "texture": "#0"},
				"south": {"uv": [11.5, 3.5, 11.75, 3.75], "texture": "#0"},
				"west": {"uv": [7, 7, 10.5, 7.25], "texture": "#0"},
				"up": {"uv": [4.25, 11, 4, 7.5], "texture": "#0"},
				"down": {"uv": [4.75, 7.5, 4.5, 11], "texture": "#0"}
			}
		},
		{
			"name": "hexadecagon",
			"from": [7.9599, 7.3984, 1.4674],
			"to": [8.0401, 7.8016, 8.4126],
			"rotation": {"angle": 45, "axis": "z", "origin": [8, 7.6, 7]},
			"faces": {
				"north": {"uv": [4, 11.5, 4.25, 11.75], "texture": "#0"},
				"east": {"uv": [7.5, 3.5, 11, 3.75], "texture": "#0"},
				"south": {"uv": [4.5, 11.5, 4.75, 11.75], "texture": "#0"},
				"west": {"uv": [7, 7.5, 10.5, 7.75], "texture": "#0"},
				"up": {"uv": [0.25, 11.5, 0, 8], "texture": "#0"},
				"down": {"uv": [0.75, 8, 0.5, 11.5], "texture": "#0"}
			}
		},
		{
			"name": "hexadecagon",
			"from": [7.7984, 7.5599, 1.4674],
			"to": [8.2016, 7.6401, 8.4126],
			"rotation": {"angle": -22.5, "axis": "z", "origin": [8, 7.6, 7]},
			"faces": {
				"north": {"uv": [11.5, 5, 11.75, 5.25], "texture": "#0"},
				"east": {"uv": [8, 1, 11.5, 1.25], "texture": "#0"},
				"south": {"uv": [11.5, 5.5, 11.75, 5.75], "texture": "#0"},
				"west": {"uv": [8, 1.5, 11.5, 1.75], "texture": "#0"},
				"up": {"uv": [7.25, 11.5, 7, 8], "texture": "#0"},
				"down": {"uv": [7.75, 8, 7.5, 11.5], "texture": "#0"}
			}
		},
		{
			"name": "hexadecagon",
			"from": [7.7984, 7.5599, 1.4674],
			"to": [8.2016, 7.6401, 8.4126],
			"rotation": {"angle": 0, "axis": "y", "origin": [8, 7.6, 7]},
			"faces": {
				"north": {"uv": [6, 11.5, 6.25, 11.75], "texture": "#0"},
				"east": {"uv": [8, 8, 11.5, 8.25], "texture": "#0"},
				"south": {"uv": [11.5, 6, 11.75, 6.25], "texture": "#0"},
				"west": {"uv": [8.5, 4, 12, 4.25], "texture": "#0"},
				"up": {"uv": [5.25, 12, 5, 8.5], "texture": "#0"},
				"down": {"uv": [5.75, 8.5, 5.5, 12], "texture": "#0"}
			}
		},
		{
			"name": "hexadecagon",
			"from": [7.7984, 7.5599, 1.4674],
			"to": [8.2016, 7.6401, 8.4126],
			"rotation": {"angle": 22.5, "axis": "z", "origin": [8, 7.6, 7]},
			"faces": {
				"north": {"uv": [6.5, 11.5, 6.75, 11.75], "texture": "#0"},
				"east": {"uv": [8.5, 4.5, 12, 4.75], "texture": "#0"},
				"south": {"uv": [11.5, 6.5, 11.75, 6.75], "texture": "#0"},
				"west": {"uv": [8, 8.5, 11.5, 8.75], "texture": "#0"},
				"up": {"uv": [1.25, 12.5, 1, 9], "texture": "#0"},
				"down": {"uv": [1.75, 9, 1.5, 12.5], "texture": "#0"}
			}
		},
		{
			"from": [8, 7.9, 2],
			"to": [8, 8.3, 2.4],
			"rotation": {"angle": 45, "axis": "x", "origin": [8, 8.35, 2.1]},
			"faces": {
				"north": {"uv": [0, 0, 0, 0.25], "texture": "#0"},
				"east": {"uv": [7, 11.5, 7.25, 11.75], "texture": "#0"},
				"south": {"uv": [0, 0, 0, 0.25], "texture": "#0"},
				"west": {"uv": [11.5, 7, 11.75, 7.25], "texture": "#0"},
				"up": {"uv": [0, 0.25, 0, 0], "texture": "#0"},
				"down": {"uv": [0, 0, 0, 0.25], "texture": "#0"}
			}
		},
		{
			"from": [7.61, 5.33821, 11.67909],
			"to": [8.41, 6.83821, 13.87909],
			"rotation": {"angle": 22.5, "axis": "x", "origin": [8.01, 3.23821, 14.67909]},
			"faces": {
				"north": {"uv": [10.5, 0, 11, 0.75], "texture": "#0"},
				"east": {"uv": [9, 2, 10, 2.75], "texture": "#0"},
				"south": {"uv": [10.5, 2, 11, 2.75], "texture": "#0"},
				"west": {"uv": [9, 9, 10, 9.75], "texture": "#0"},
				"up": {"uv": [10.5, 3, 10, 2], "texture": "#0"},
				"down": {"uv": [3, 10, 2.5, 11], "texture": "#0"}
			}
		},
		{
			"from": [7.62, 5.63627, 13.74095],
			"to": [8.4, 6.41627, 15.22095],
			"rotation": {"angle": 22.5, "axis": "x", "origin": [8.01, 6.02627, 14.48095]},
			"faces": {
				"north": {"uv": [2.5, 11, 3, 11.5], "texture": "#0"},
				"east": {"uv": [10, 9.5, 10.75, 10], "texture": "#0"},
				"south": {"uv": [11, 2.5, 11.5, 3], "texture": "#0"},
				"west": {"uv": [3, 10.5, 3.75, 11], "texture": "#0"},
				"up": {"uv": [11, 7.25, 10.5, 6.5], "texture": "#0"},
				"down": {"uv": [10, 10.5, 9.5, 11.25], "texture": "#0"}
			}
		},
		{
			"from": [7.61, 7.03622, 12.40023],
			"to": [8.41, 7.53622, 13.30023],
			"rotation": {"angle": -22.5, "axis": "x", "origin": [8.01, 7.58622, 12.85023]},
			"faces": {
				"north": {"uv": [4, 11, 4.5, 11.25], "texture": "#0"},
				"east": {"uv": [4.5, 11, 5, 11.25], "texture": "#0"},
				"south": {"uv": [11, 5, 11.5, 5.25], "texture": "#0"},
				"west": {"uv": [11, 5.5, 11.5, 5.75], "texture": "#0"},
				"up": {"uv": [11.5, 1, 11, 0.5], "texture": "#0"},
				"down": {"uv": [11.5, 2, 11, 2.5], "texture": "#0"}
			}
		},
		{
			"from": [7.61, 5.33821, 9.77909],
			"to": [8.41, 6.33821, 11.67909],
			"rotation": {"angle": 22.5, "axis": "x", "origin": [8.01, 3.23821, 14.67909]},
			"faces": {
				"north": {"uv": [10.5, 7.5, 11, 8], "texture": "#0"},
				"east": {"uv": [10, 3, 11, 3.5], "texture": "#0"},
				"south": {"uv": [10, 10.5, 10.5, 11], "texture": "#0"},
				"west": {"uv": [10, 6, 11, 6.5], "texture": "#0"},
				"up": {"uv": [7, 11, 6.5, 10], "texture": "#0"},
				"down": {"uv": [9.5, 10, 9, 11], "texture": "#0"}
			}
		},
		{
			"from": [7.61, 5.33821, 9.17909],
			"to": [8.41, 6.33821, 9.77909],
			"rotation": {"angle": 22.5, "axis": "x", "origin": [8.01, 3.23821, 14.67909]},
			"faces": {
				"north": {"uv": [3, 11, 3.5, 11.5], "texture": "#0"},
				"east": {"uv": [6, 11, 6.25, 11.5], "texture": "#0"},
				"south": {"uv": [11, 3, 11.5, 3.5], "texture": "#0"},
				"west": {"uv": [11, 6, 11.25, 6.5], "texture": "#0"},
				"up": {"uv": [7, 11.25, 6.5, 11], "texture": "#0"},
				"down": {"uv": [11.5, 6.5, 11, 6.75], "texture": "#0"}
			}
		},
		{
			"from": [7.91, 7.04866, 10.37464],
			"to": [8.11, 7.64866, 10.47464],
			"rotation": {"angle": 0, "axis": "y", "origin": [8.01, 7.14866, 10.42464]},
			"faces": {
				"north": {"uv": [8.5, 12, 8.75, 12.25], "texture": "#0"},
				"east": {"uv": [12, 8.5, 12.25, 8.75], "texture": "#0"},
				"south": {"uv": [9, 12, 9.25, 12.25], "texture": "#0"},
				"west": {"uv": [12, 9, 12.25, 9.25], "texture": "#0"},
				"up": {"uv": [9.75, 12.25, 9.5, 12], "texture": "#0"},
				"down": {"uv": [12.25, 9.5, 12, 9.75], "texture": "#0"}
			}
		},
		{
			"from": [7.91, 7.7716, 10.75932],
			"to": [8.11, 8.0716, 10.95932],
			"rotation": {"angle": -22.5, "axis": "x", "origin": [8.01, 8.3216, 10.40932]},
			"faces": {
				"north": {"uv": [12.5, 0.5, 12.75, 0.75], "texture": "#0"},
				"east": {"uv": [1, 12.5, 1.25, 12.75], "texture": "#0"},
				"south": {"uv": [12.5, 1, 12.75, 1.25], "texture": "#0"},
				"west": {"uv": [1.5, 12.5, 1.75, 12.75], "texture": "#0"},
				"up": {"uv": [12.75, 1.75, 12.5, 1.5], "texture": "#0"},
				"down": {"uv": [2.25, 12.5, 2, 12.75], "texture": "#0"}
			}
		},
		{
			"from": [7.91, 8.1689, 11.04751],
			"to": [8.11, 8.5689, 11.14751],
			"rotation": {"angle": 45, "axis": "x", "origin": [8.01, 8.3689, 11.09751]},
			"faces": {
				"north": {"uv": [11.5, 12, 11.75, 12.25], "texture": "#0"},
				"east": {"uv": [12, 11.5, 12.25, 11.75], "texture": "#0"},
				"south": {"uv": [12, 12, 12.25, 12.25], "texture": "#0"},
				"west": {"uv": [0, 12.5, 0.25, 12.75], "texture": "#0"},
				"up": {"uv": [12.75, 0.25, 12.5, 0], "texture": "#0"},
				"down": {"uv": [0.75, 12.5, 0.5, 12.75], "texture": "#0"}
			}
		},
		{
			"from": [7.91, 6.9716, 10.35932],
			"to": [8.11, 7.0716, 10.45932],
			"rotation": {"angle": 22.5, "axis": "x", "origin": [8.01, 7.0216, 10.40932]},
			"faces": {
				"north": {"uv": [10, 12, 10.25, 12.25], "texture": "#0"},
				"east": {"uv": [12, 10, 12.25, 10.25], "texture": "#0"},
				"south": {"uv": [10.5, 12, 10.75, 12.25], "texture": "#0"},
				"west": {"uv": [12, 10.5, 12.25, 10.75], "texture": "#0"},
				"up": {"uv": [11.25, 12.25, 11, 12], "texture": "#0"},
				"down": {"uv": [12.25, 11, 12, 11.25], "texture": "#0"}
			}
		},
		{
			"from": [7.59, 7.287, 8.16407],
			"to": [8.41, 8.207, 10.78407],
			"rotation": {"angle": 0, "axis": "y", "origin": [8, 6.197, 11.72407]},
			"faces": {
				"north": {"uv": [10.5, 10.5, 11, 11], "texture": "#0"},
				"east": {"uv": [9.5, 5, 10.75, 5.5], "texture": "#0"},
				"south": {"uv": [11, 0, 11.5, 0.5], "texture": "#0"},
				"west": {"uv": [9.5, 5.5, 10.75, 6], "texture": "#0"},
				"up": {"uv": [6.5, 10.75, 6, 9.5], "texture": "#0"},
				"down": {"uv": [2.5, 10, 2, 11.25], "texture": "#0"}
			}
		},
		{
			"from": [7.6, 7.397, 4.87407],
			"to": [8.4, 7.897, 8.47407],
			"rotation": {"angle": 0, "axis": "y", "origin": [8, 6.197, 11.72407]},
			"faces": {
				"north": {"uv": [3.5, 11, 4, 11.25], "texture": "#0"},
				"east": {"uv": [10, 9, 11.75, 9.25], "texture": "#0"},
				"south": {"uv": [11, 3.5, 11.5, 3.75], "texture": "#0"},
				"west": {"uv": [9.5, 10, 11.25, 10.25], "texture": "#0"},
				"up": {"uv": [8.5, 10.75, 8, 9], "texture": "#0"},
				"down": {"uv": [9, 9, 8.5, 10.75], "texture": "#0"}
			}
		},
		{
			"from": [7.9, 6.81477, 9.97788],
			"to": [8.1, 6.91477, 10.17788],
			"rotation": {"angle": 22.5, "axis": "x", "origin": [8, 6.66477, 9.52788]},
			"faces": {
				"north": {"uv": [9, 11.5, 9.25, 11.75], "texture": "#0"},
				"east": {"uv": [9.5, 11.5, 9.75, 11.75], "texture": "#0"},
				"south": {"uv": [11.5, 9.5, 11.75, 9.75], "texture": "#0"},
				"west": {"uv": [10, 11.5, 10.25, 11.75], "texture": "#0"},
				"up": {"uv": [11.75, 10.25, 11.5, 10], "texture": "#0"},
				"down": {"uv": [10.75, 11.5, 10.5, 11.75], "texture": "#0"}
			}
		},
		{
			"from": [7.9, 6.68721, 9.86567],
			"to": [8.1, 6.78721, 10.06567],
			"rotation": {"angle": 45, "axis": "x", "origin": [8, 6.73721, 9.96567]},
			"faces": {
				"north": {"uv": [11.5, 10.5, 11.75, 10.75], "texture": "#0"},
				"east": {"uv": [11, 11.5, 11.25, 11.75], "texture": "#0"},
				"south": {"uv": [11.5, 11, 11.75, 11.25], "texture": "#0"},
				"west": {"uv": [11.5, 11.5, 11.75, 11.75], "texture": "#0"},
				"up": {"uv": [0.25, 12.25, 0, 12], "texture": "#0"},
				"down": {"uv": [12.25, 0, 12, 0.25], "texture": "#0"}
			}
		},
		{
			"from": [7.9, 6.79932, 9.89407],
			"to": [8.1, 6.99932, 9.99407],
			"rotation": {"angle": -22.5, "axis": "x", "origin": [8, 6.69932, 9.94407]},
			"faces": {
				"north": {"uv": [0.5, 12, 0.75, 12.25], "texture": "#0"},
				"east": {"uv": [12, 0.5, 12.25, 0.75], "texture": "#0"},
				"south": {"uv": [12, 1, 12.25, 1.25], "texture": "#0"},
				"west": {"uv": [12, 1.5, 12.25, 1.75], "texture": "#0"},
				"up": {"uv": [2.25, 12.25, 2, 12], "texture": "#0"},
				"down": {"uv": [12.25, 2, 12, 2.25], "texture": "#0"}
			}
		},
		{
			"from": [7.9, 6.95735, 9.78307],
			"to": [8.1, 7.35735, 9.88307],
			"rotation": {"angle": 0, "axis": "y", "origin": [8, 6.65735, 9.83307]},
			"faces": {
				"north": {"uv": [2.5, 12, 2.75, 12.25], "texture": "#0"},
				"east": {"uv": [12, 2.5, 12.25, 2.75], "texture": "#0"},
				"south": {"uv": [3, 12, 3.25, 12.25], "texture": "#0"},
				"west": {"uv": [12, 3, 12.25, 3.25], "texture": "#0"},
				"up": {"uv": [3.75, 12.25, 3.5, 12], "texture": "#0"},
				"down": {"uv": [12.25, 3.5, 12, 3.75], "texture": "#0"}
			}
		},
		{
			"from": [7.9, 6.74942, 10.62838],
			"to": [8.1, 7.14942, 10.72838],
			"rotation": {"angle": 22.5, "axis": "x", "origin": [8, 6.29942, 10.87838]},
			"faces": {
				"north": {"uv": [4, 12, 4.25, 12.25], "texture": "#0"},
				"east": {"uv": [12, 4, 12.25, 4.25], "texture": "#0"},
				"south": {"uv": [4.5, 12, 4.75, 12.25], "texture": "#0"},
				"west": {"uv": [12, 4.5, 12.25, 4.75], "texture": "#0"},
				"up": {"uv": [5.25, 12.25, 5, 12], "texture": "#0"},
				"down": {"uv": [12.25, 5, 12, 5.25], "texture": "#0"}
			}
		},
		{
			"from": [7.9, 6.63721, 10.75594],
			"to": [8.1, 6.83721, 10.85594],
			"rotation": {"angle": 45, "axis": "x", "origin": [8, 6.73721, 10.80594]},
			"faces": {
				"north": {"uv": [5.5, 12, 5.75, 12.25], "texture": "#0"},
				"east": {"uv": [12, 5.5, 12.25, 5.75], "texture": "#0"},
				"south": {"uv": [6, 12, 6.25, 12.25], "texture": "#0"},
				"west": {"uv": [12, 6, 12.25, 6.25], "texture": "#0"},
				"up": {"uv": [6.75, 12.25, 6.5, 12], "texture": "#0"},
				"down": {"uv": [12.25, 6.5, 12, 6.75], "texture": "#0"}
			}
		},
		{
			"from": [7.9, 6.66561, 10.54384],
			"to": [8.1, 6.76561, 10.74384],
			"rotation": {"angle": -22.5, "axis": "x", "origin": [8, 6.71561, 10.84384]},
			"faces": {
				"north": {"uv": [7, 12, 7.25, 12.25], "texture": "#0"},
				"east": {"uv": [12, 7, 12.25, 7.25], "texture": "#0"},
				"south": {"uv": [7.5, 12, 7.75, 12.25], "texture": "#0"},
				"west": {"uv": [12, 7.5, 12.25, 7.75], "texture": "#0"},
				"up": {"uv": [8.25, 12.25, 8, 12], "texture": "#0"},
				"down": {"uv": [12.25, 8, 12, 8.25], "texture": "#0"}
			}
		},
		{
			"from": [7.9, 6.55461, 10.18581],
			"to": [8.1, 6.65461, 10.58581],
			"rotation": {"angle": 0, "axis": "y", "origin": [8, 6.45461, 12.43581]},
			"faces": {
				"north": {"uv": [7.5, 11.5, 7.75, 11.75], "texture": "#0"},
				"east": {"uv": [11.5, 7.5, 11.75, 7.75], "texture": "#0"},
				"south": {"uv": [8, 11.5, 8.25, 11.75], "texture": "#0"},
				"west": {"uv": [11.5, 8, 11.75, 8.25], "texture": "#0"},
				"up": {"uv": [8.75, 11.75, 8.5, 11.5], "texture": "#0"},
				"down": {"uv": [11.75, 8.5, 11.5, 8.75], "texture": "#0"}
			}
		},
		{
			"name": "hexadecagon",
			"from": [7.9499, 7.3884, 2.4574],
			"to": [8.0501, 7.8116, 2.6226],
			"rotation": {"angle": -45, "axis": "z", "origin": [8, 7.6, 8]},
			"faces": {
				"north": {"uv": [12.5, 2, 12.75, 2.25], "texture": "#0"},
				"east": {"uv": [2.5, 12.5, 2.75, 12.75], "texture": "#0"},
				"south": {"uv": [12.5, 2.5, 12.75, 2.75], "texture": "#0"},
				"west": {"uv": [3, 12.5, 3.25, 12.75], "texture": "#0"},
				"up": {"uv": [12.75, 3.25, 12.5, 3], "texture": "#0"},
				"down": {"uv": [3.75, 12.5, 3.5, 12.75], "texture": "#0"}
			}
		},
		{
			"name": "hexadecagon",
			"from": [7.9499, 7.3884, 2.4574],
			"to": [8.0501, 7.8116, 2.6226],
			"rotation": {"angle": -22.5, "axis": "z", "origin": [8, 7.6, 8]},
			"faces": {
				"north": {"uv": [12.5, 3.5, 12.75, 3.75], "texture": "#0"},
				"east": {"uv": [4, 12.5, 4.25, 12.75], "texture": "#0"},
				"south": {"uv": [12.5, 4, 12.75, 4.25], "texture": "#0"},
				"west": {"uv": [4.5, 12.5, 4.75, 12.75], "texture": "#0"},
				"up": {"uv": [12.75, 4.75, 12.5, 4.5], "texture": "#0"},
				"down": {"uv": [5.25, 12.5, 5, 12.75], "texture": "#0"}
			}
		},
		{
			"name": "hexadecagon",
			"from": [7.9499, 7.3884, 2.4574],
			"to": [8.0501, 7.8116, 2.6226],
			"rotation": {"angle": 0, "axis": "y", "origin": [8, 7.6, 8]},
			"faces": {
				"north": {"uv": [12.5, 5, 12.75, 5.25], "texture": "#0"},
				"east": {"uv": [5.5, 12.5, 5.75, 12.75], "texture": "#0"},
				"south": {"uv": [12.5, 5.5, 12.75, 5.75], "texture": "#0"},
				"west": {"uv": [6, 12.5, 6.25, 12.75], "texture": "#0"},
				"up": {"uv": [12.75, 6.25, 12.5, 6], "texture": "#0"},
				"down": {"uv": [6.75, 12.5, 6.5, 12.75], "texture": "#0"}
			}
		},
		{
			"name": "hexadecagon",
			"from": [7.9499, 7.3884, 2.4574],
			"to": [8.0501, 7.8116, 2.6226],
			"rotation": {"angle": 22.5, "axis": "z", "origin": [8, 7.6, 8]},
			"faces": {
				"north": {"uv": [12.5, 6.5, 12.75, 6.75], "texture": "#0"},
				"east": {"uv": [7, 12.5, 7.25, 12.75], "texture": "#0"},
				"south": {"uv": [12.5, 7, 12.75, 7.25], "texture": "#0"},
				"west": {"uv": [7.5, 12.5, 7.75, 12.75], "texture": "#0"},
				"up": {"uv": [12.75, 7.75, 12.5, 7.5], "texture": "#0"},
				"down": {"uv": [8.25, 12.5, 8, 12.75], "texture": "#0"}
			}
		},
		{
			"name": "hexadecagon",
			"from": [7.9499, 7.3884, 2.4574],
			"to": [8.0501, 7.8116, 2.6226],
			"rotation": {"angle": 45, "axis": "z", "origin": [8, 7.6, 8]},
			"faces": {
				"north": {"uv": [12.5, 8, 12.75, 8.25], "texture": "#0"},
				"east": {"uv": [8.5, 12.5, 8.75, 12.75], "texture": "#0"},
				"south": {"uv": [12.5, 8.5, 12.75, 8.75], "texture": "#0"},
				"west": {"uv": [9, 12.5, 9.25, 12.75], "texture": "#0"},
				"up": {"uv": [12.75, 9.25, 12.5, 9], "texture": "#0"},
				"down": {"uv": [9.75, 12.5, 9.5, 12.75], "texture": "#0"}
			}
		},
		{
			"name": "hexadecagon",
			"from": [7.7884, 7.5499, 2.4574],
			"to": [8.2116, 7.6501, 2.6226],
			"rotation": {"angle": -22.5, "axis": "z", "origin": [8, 7.6, 8]},
			"faces": {
				"north": {"uv": [12.5, 9.5, 12.75, 9.75], "texture": "#0"},
				"east": {"uv": [10, 12.5, 10.25, 12.75], "texture": "#0"},
				"south": {"uv": [12.5, 10, 12.75, 10.25], "texture": "#0"},
				"west": {"uv": [10.5, 12.5, 10.75, 12.75], "texture": "#0"},
				"up": {"uv": [12.75, 10.75, 12.5, 10.5], "texture": "#0"},
				"down": {"uv": [11.25, 12.5, 11, 12.75], "texture": "#0"}
			}
		},
		{
			"name": "hexadecagon",
			"from": [7.7884, 7.5499, 2.4574],
			"to": [8.2116, 7.6501, 2.6226],
			"rotation": {"angle": 0, "axis": "y", "origin": [8, 7.6, 8]},
			"faces": {
				"north": {"uv": [12.5, 11, 12.75, 11.25], "texture": "#0"},
				"east": {"uv": [11.5, 12.5, 11.75, 12.75], "texture": "#0"},
				"south": {"uv": [12.5, 11.5, 12.75, 11.75], "texture": "#0"},
				"west": {"uv": [12, 12.5, 12.25, 12.75], "texture": "#0"},
				"up": {"uv": [12.75, 12.25, 12.5, 12], "texture": "#0"},
				"down": {"uv": [12.75, 12.5, 12.5, 12.75], "texture": "#0"}
			}
		},
		{
			"name": "hexadecagon",
			"from": [7.7884, 7.5499, 2.4574],
			"to": [8.2116, 7.6501, 2.6226],
			"rotation": {"angle": 22.5, "axis": "z", "origin": [8, 7.6, 8]},
			"faces": {
				"north": {"uv": [0, 13, 0.25, 13.25], "texture": "#0"},
				"east": {"uv": [13, 0, 13.25, 0.25], "texture": "#0"},
				"south": {"uv": [0.5, 13, 0.75, 13.25], "texture": "#0"},
				"west": {"uv": [13, 0.5, 13.25, 0.75], "texture": "#0"},
				"up": {"uv": [1.25, 13.25, 1, 13], "texture": "#0"},
				"down": {"uv": [13.25, 1, 13, 1.25], "texture": "#0"}
			}
		}
	],
	"display": {
		"thirdperson_righthand": {
			"rotation": [37, 0, 0],
			"translation": [0, 6.5, 0],
			"scale": [1.3, 1.3, 1.3]
		},
		"thirdperson_lefthand": {
			"rotation": [37, 0, 0],
			"translation": [-11, 6.5, 0],
			"scale": [1.3, 1.3, 1.3]
		},
		"firstperson_righthand": {
			"rotation": [3, -8, 0],
			"translation": [-0.75, 5.5, 0.75],
			"scale": [1.2, 1.2, 1.2]
		},
		"firstperson_lefthand": {
			"rotation": [6, 0, 0],
			"translation": [-9.06, 6.5, 1.75],
			"scale": [1.45, 1.2, 1.2]
		},
		"ground": {
			"translation": [0, 1.75, 0]
		},
		"gui": {
			"rotation": [90, 53, -90],
			"translation": [0.25, 1.5, -1],
			"scale": [1.5, 1.5, 1.5]
		},
		"head": {
			"translation": [0, 8, -11.75]
		},
		"fixed": {
			"rotation": [0, 90, 0],
			"translation": [0, 1, 0]
		}
	},
	"groups": [
		{
			"name": "hexadecagon",
			"origin": [8, 8, 8],
			"color": 0,
			"children": [0, 1, 2, 3, 4, 5, 6, 7]
		},
		{
			"name": "hexadecagon",
			"origin": [8, 8, 8],
			"color": 0,
			"children": [8, 9, 10, 11, 12, 13, 14, 15]
		},
		16,
		17,
		18,
		19,
		20,
		21,
		22,
		23,
		24,
		25,
		26,
		27,
		{
			"name": "group",
			"origin": [8, 8, 8],
			"color": 0,
			"children": [
				{
					"name": "group",
					"origin": [8, 6.40735, 9.08307],
					"color": 0,
					"children": [28, 29, 30, 31]
				},
				{
					"name": "group",
					"origin": [8, 6.40735, 9.08307],
					"color": 0,
					"children": [32, 33, 34]
				},
				35
			]
		},
		{
			"name": "hexadecagon",
			"origin": [8, 8, 8],
			"color": 0,
			"children": [36, 37, 38, 39, 40, 41, 42, 43]
		}
	]
}