{
  "credit": "Made with Blockbench",
  "texture_size": [32, 32],
  "textures": {
    "0": "block/sr_texture",
    "particle": "block/sr_texture"
  },
  "elements": [
    {
      "from": [7.5, 4, 0],
      "to": [8.6, 5.7, 9.7],
      "faces": {
        "north": { "uv": [5, 8.5, 5.5, 9.25], "texture": "#0" },
        "east": { "uv": [0, 0, 4.75, 0.75], "texture": "#0" },
        "south": { "uv": [8.5, 5, 9, 5.75], "texture": "#0" },
        "west": { "uv": [0, 1, 4.75, 1.75], "texture": "#0" },
        "up": { "uv": [0.5, 8.25, 0, 3.5], "texture": "#0" },
        "down": { "uv": [1, 3.5, 0.5, 8.25], "texture": "#0" }
      }
    },
    {
      "from": [7.5, 4, 9.7],
      "to": [8.6, 5.1, 13.6],
      "faces": {
        "north": { "uv": [9, 9, 9.5, 9.5], "texture": "#0" },
        "east": { "uv": [5.5, 4.5, 7.5, 5], "texture": "#0" },
        "south": { "uv": [9.5, 2.5, 10, 3], "texture": "#0" },
        "west": { "uv": [5.5, 5, 7.5, 5.5], "texture": "#0" },
        "up": { "uv": [5, 7.5, 4.5, 5.5], "texture": "#0" },
        "down": { "uv": [6, 5.5, 5.5, 7.5], "texture": "#0" }
      }
    },
    {
      "from": [7.5, 2.48076, 13.60056],
      "to": [8.6, 4.98076, 18.30056],
      "rotation": { "angle": 0, "axis": "y", "origin": [0, -0.11924, 0.20056] },
      "faces": {
        "north": { "uv": [5.5, 7.5, 6, 8.75], "texture": "#0" },
        "east": { "uv": [0, 2, 2.25, 3.25], "texture": "#0" },
        "south": { "uv": [7, 7.5, 7.5, 8.75], "texture": "#0" },
        "west": { "uv": [2.5, 2, 4.75, 3.25], "texture": "#0" },
        "up": { "uv": [6, 3.25, 5.5, 1], "texture": "#0" },
        "down": { "uv": [2.5, 5.5, 2, 7.75], "texture": "#0" }
      }
    },
    {
      "from": [7.6, 2.08076, 15.80056],
      "to": [8.5, 4.28076, 18.20056],
      "rotation": { "angle": 0, "axis": "y", "origin": [0, -0.11924, 0.20056] },
      "faces": {
        "north": { "uv": [8, 5, 8.5, 6], "texture": "#0" },
        "east": { "uv": [2, 4.5, 3.25, 5.5], "texture": "#0" },
        "south": { "uv": [6, 8, 6.5, 9], "texture": "#0" },
        "west": { "uv": [3.5, 4.5, 4.75, 5.5], "texture": "#0" },
        "up": { "uv": [8, 8.75, 7.5, 7.5], "texture": "#0" },
        "down": { "uv": [8.5, 0, 8, 1.25], "texture": "#0" }
      }
    },
    {
      "from": [7.4, 4.68076, 13.60056],
      "to": [8.7, 5.58076, 16.60056],
      "rotation": { "angle": 0, "axis": "y", "origin": [0, -0.11924, 0.20056] },
      "faces": {
        "north": { "uv": [9, 5, 9.75, 5.5], "texture": "#0" },
        "east": { "uv": [6.5, 3, 8, 3.5], "texture": "#0" },
        "south": { "uv": [5.5, 9, 6.25, 9.5], "texture": "#0" },
        "west": { "uv": [3, 7, 4.5, 7.5], "texture": "#0" },
        "up": { "uv": [3.25, 7, 2.5, 5.5], "texture": "#0" },
        "down": { "uv": [4.25, 5.5, 3.5, 7], "texture": "#0" }
      }
    },
    {
      "from": [7.6, 5, 5.5],
      "to": [8.5, 6.1, 10.2],
      "faces": {
        "north": { "uv": [5.5, 9.5, 6, 10], "texture": "#0" },
        "east": { "uv": [5, 0, 7.25, 0.5], "texture": "#0" },
        "south": { "uv": [6, 9.5, 6.5, 10], "texture": "#0" },
        "west": { "uv": [5, 0.5, 7.25, 1], "texture": "#0" },
        "up": { "uv": [5.5, 3.25, 5, 1], "texture": "#0" },
        "down": { "uv": [5.5, 4.5, 5, 6.75], "texture": "#0" }
      }
    },
    {
      "from": [7.8, 6, 5.5],
      "to": [8.3, 6.2, 9.5],
      "rotation": { "angle": 0, "axis": "y", "origin": [0, 0, 0.2] },
      "faces": {
        "north": { "uv": [5, 11, 5.25, 11.25], "texture": "#0" },
        "east": { "uv": [8, 6, 10, 6.25], "texture": "#0" },
        "south": { "uv": [11, 5, 11.25, 5.25], "texture": "#0" },
        "west": { "uv": [8, 7.5, 10, 7.75], "texture": "#0" },
        "up": { "uv": [6.75, 10, 6.5, 8], "texture": "#0" },
        "down": { "uv": [8.25, 8, 8, 10], "texture": "#0" }
      }
    },
    {
      "from": [7.8, 6.2, 8.5],
      "to": [8.3, 6.9, 8.8],
      "rotation": { "angle": 0, "axis": "y", "origin": [0, 0, 0.2] },
      "faces": {
        "north": { "uv": [5.5, 11, 5.75, 11.25], "texture": "#0" },
        "east": { "uv": [11, 5.5, 11.25, 5.75], "texture": "#0" },
        "south": { "uv": [6, 11, 6.25, 11.25], "texture": "#0" },
        "west": { "uv": [11, 6, 11.25, 6.25], "texture": "#0" },
        "up": { "uv": [6.75, 11.25, 6.5, 11], "texture": "#0" },
        "down": { "uv": [11.25, 6.5, 11, 6.75], "texture": "#0" }
      }
    },
    {
      "from": [7.8, 6.2, 6.3],
      "to": [8.3, 6.9, 6.6],
      "rotation": { "angle": 0, "axis": "y", "origin": [0, 0, 0.2] },
      "faces": {
        "north": { "uv": [7, 11, 7.25, 11.25], "texture": "#0" },
        "east": { "uv": [11, 7, 11.25, 7.25], "texture": "#0" },
        "south": { "uv": [7.5, 11, 7.75, 11.25], "texture": "#0" },
        "west": { "uv": [11, 7.5, 11.25, 7.75], "texture": "#0" },
        "up": { "uv": [8.25, 11.25, 8, 11], "texture": "#0" },
        "down": { "uv": [11.25, 8, 11, 8.25], "texture": "#0" }
      }
    },
    {
      "from": [7.6, 2, 10.8],
      "to": [8.5, 4.4, 11.6],
      "rotation": { "angle": -22.5, "axis": "x", "origin": [8.05, 3.45, 11.4] },
      "faces": {
        "north": { "uv": [5, 7, 5.5, 8.25], "texture": "#0" },
        "east": { "uv": [7.5, 0, 8, 1.25], "texture": "#0" },
        "south": { "uv": [3, 7.5, 3.5, 8.75], "texture": "#0" },
        "west": { "uv": [3.5, 7.5, 4, 8.75], "texture": "#0" },
        "up": { "uv": [10, 4.5, 9.5, 4], "texture": "#0" },
        "down": { "uv": [5.5, 9.5, 5, 10], "texture": "#0" }
      }
    },
    {
      "from": [7.6, 1.88076, 11.40056],
      "to": [8.5, 2.48076, 13.80056],
      "rotation": {
        "angle": 0,
        "axis": "y",
        "origin": [8.05, 3.03076, 11.60056]
      },
      "faces": {
        "north": { "uv": [0.5, 10.5, 1, 10.75], "texture": "#0" },
        "east": { "uv": [9, 5.5, 10.25, 5.75], "texture": "#0" },
        "south": { "uv": [10.5, 0.5, 11, 0.75], "texture": "#0" },
        "west": { "uv": [9, 8, 10.25, 8.25], "texture": "#0" },
        "up": { "uv": [4.5, 8.75, 4, 7.5], "texture": "#0" },
        "down": { "uv": [5, 7.5, 4.5, 8.75], "texture": "#0" }
      }
    },
    {
      "from": [7.51, 3.39076, 12.31056],
      "to": [8.59, 4.27076, 13.09056],
      "rotation": {
        "angle": 45,
        "axis": "x",
        "origin": [8.05, 2.68076, 13.55056]
      },
      "faces": {
        "north": { "uv": [9.5, 9, 10, 9.5], "texture": "#0" },
        "east": { "uv": [9.5, 9.5, 10, 10], "texture": "#0" },
        "south": { "uv": [10, 1.5, 10.5, 2], "texture": "#0" },
        "west": { "uv": [10, 2.5, 10.5, 3], "texture": "#0" },
        "up": { "uv": [3.5, 10.5, 3, 10], "texture": "#0" },
        "down": { "uv": [10.5, 3, 10, 3.5], "texture": "#0" }
      }
    },
    {
      "from": [7.51, 1.79076, 10.81056],
      "to": [8.59, 2.67076, 11.59056],
      "rotation": {
        "angle": 45,
        "axis": "x",
        "origin": [8.05, 2.68076, 13.55056]
      },
      "faces": {
        "north": { "uv": [3.5, 10, 4, 10.5], "texture": "#0" },
        "east": { "uv": [10, 3.5, 10.5, 4], "texture": "#0" },
        "south": { "uv": [4, 10, 4.5, 10.5], "texture": "#0" },
        "west": { "uv": [10, 4, 10.5, 4.5], "texture": "#0" },
        "up": { "uv": [10.5, 5, 10, 4.5], "texture": "#0" },
        "down": { "uv": [5.5, 10, 5, 10.5], "texture": "#0" }
      }
    },
    {
      "from": [7.6, 1.58076, 11.40056],
      "to": [8.5, 1.88076, 12.40056],
      "rotation": {
        "angle": 0,
        "axis": "y",
        "origin": [8.05, 3.03076, 11.60056]
      },
      "faces": {
        "north": { "uv": [10.5, 1, 11, 1.25], "texture": "#0" },
        "east": { "uv": [10.5, 1.5, 11, 1.75], "texture": "#0" },
        "south": { "uv": [2, 10.5, 2.5, 10.75], "texture": "#0" },
        "west": { "uv": [10.5, 2, 11, 2.25], "texture": "#0" },
        "up": { "uv": [8, 10, 7.5, 9.5], "texture": "#0" },
        "down": { "uv": [9, 9.5, 8.5, 10], "texture": "#0" }
      }
    },
    {
      "from": [7.6, 1.76069, 12.3051],
      "to": [8.5, 2.06069, 13.3051],
      "rotation": {
        "angle": -22.5,
        "axis": "x",
        "origin": [8.05, 1.91069, 12.8051]
      },
      "faces": {
        "north": { "uv": [2.5, 10.5, 3, 10.75], "texture": "#0" },
        "east": { "uv": [10.5, 2.5, 11, 2.75], "texture": "#0" },
        "south": { "uv": [3, 10.5, 3.5, 10.75], "texture": "#0" },
        "west": { "uv": [10.5, 3, 11, 3.25], "texture": "#0" },
        "up": { "uv": [10, 9, 9.5, 8.5], "texture": "#0" },
        "down": { "uv": [9.5, 9.5, 9, 10], "texture": "#0" }
      }
    },
    {
      "from": [7.6, 2.00503, 13.30056],
      "to": [8.5, 3.40503, 14.10056],
      "rotation": {
        "angle": 45,
        "axis": "x",
        "origin": [8.05, 2.30503, 13.80056]
      },
      "faces": {
        "north": { "uv": [3, 9, 3.5, 9.75], "texture": "#0" },
        "east": { "uv": [3.5, 9, 4, 9.75], "texture": "#0" },
        "south": { "uv": [9, 3.5, 9.5, 4.25], "texture": "#0" },
        "west": { "uv": [4, 9, 4.5, 9.75], "texture": "#0" },
        "up": { "uv": [10, 7, 9.5, 6.5], "texture": "#0" },
        "down": { "uv": [10, 7, 9.5, 7.5], "texture": "#0" }
      }
    },
    {
      "from": [7.51, 4.40312, 9.45005],
      "to": [8.59, 5.48312, 11.13005],
      "rotation": {
        "angle": 22.5,
        "axis": "x",
        "origin": [8.05, 4.94312, 10.09005]
      },
      "faces": {
        "north": { "uv": [9.5, 3, 10, 3.5], "texture": "#0" },
        "east": { "uv": [8.5, 6.5, 9.25, 7], "texture": "#0" },
        "south": { "uv": [9.5, 3.5, 10, 4], "texture": "#0" },
        "west": { "uv": [8.5, 7, 9.25, 7.5], "texture": "#0" },
        "up": { "uv": [9, 8.75, 8.5, 8], "texture": "#0" },
        "down": { "uv": [9.5, 2.5, 9, 3.25], "texture": "#0" }
      }
    },
    {
      "from": [7.5, 3.1, 6],
      "to": [8.6, 4, 9],
      "faces": {
        "north": { "uv": [7.5, 5, 8, 5.5], "texture": "#0" },
        "east": { "uv": [6, 1, 7.5, 1.5], "texture": "#0" },
        "south": { "uv": [7.5, 9, 8, 9.5], "texture": "#0" },
        "west": { "uv": [6, 1.5, 7.5, 2], "texture": "#0" },
        "up": { "uv": [6.5, 3.5, 6, 2], "texture": "#0" },
        "down": { "uv": [6.5, 5.5, 6, 7], "texture": "#0" }
      }
    },
    {
      "from": [7.7, 2.3, 6.4],
      "to": [8.4, 3.1, 8.8],
      "faces": {
        "north": { "uv": [6.5, 10, 6.75, 10.5], "texture": "#0" },
        "east": { "uv": [7, 6.5, 8.25, 7], "texture": "#0" },
        "south": { "uv": [10, 7, 10.25, 7.5], "texture": "#0" },
        "west": { "uv": [7, 7, 8.25, 7.5], "texture": "#0" },
        "up": { "uv": [4.75, 10.25, 4.5, 9], "texture": "#0" },
        "down": { "uv": [7.25, 9, 7, 10.25], "texture": "#0" }
      }
    },
    {
      "from": [8.9, 5.1, 8.8],
      "to": [9.1, 6.2, 9],
      "rotation": { "angle": 45, "axis": "z", "origin": [8.9, 5.45, 9.1] },
      "faces": {
        "north": { "uv": [10.5, 9, 10.75, 9.5], "texture": "#0" },
        "east": { "uv": [9.5, 10.5, 9.75, 11], "texture": "#0" },
        "south": { "uv": [10.5, 9.5, 10.75, 10], "texture": "#0" },
        "west": { "uv": [10, 10.5, 10.25, 11], "texture": "#0" },
        "up": { "uv": [4.75, 12.25, 4.5, 12], "texture": "#0" },
        "down": { "uv": [12.25, 4.5, 12, 4.75], "texture": "#0" }
      }
    },
    {
      "from": [8.8, 5, 8.7],
      "to": [9.2, 5.4, 9.1],
      "rotation": { "angle": 45, "axis": "z", "origin": [8.9, 5.45, 9.1] },
      "faces": {
        "north": { "uv": [5, 12, 5.25, 12.25], "texture": "#0" },
        "east": { "uv": [12, 5, 12.25, 5.25], "texture": "#0" },
        "south": { "uv": [5.5, 12, 5.75, 12.25], "texture": "#0" },
        "west": { "uv": [12, 5.5, 12.25, 5.75], "texture": "#0" },
        "up": { "uv": [6.25, 12.25, 6, 12], "texture": "#0" },
        "down": { "uv": [12.25, 6, 12, 6.25], "texture": "#0" }
      }
    },
    {
      "from": [7.8, 3.36449, 10.02695],
      "to": [8.3, 3.66449, 10.22695],
      "rotation": { "angle": 0, "axis": "y", "origin": [0, -0.03551, 0.02695] },
      "faces": {
        "north": { "uv": [1.5, 12, 1.75, 12.25], "texture": "#0" },
        "east": { "uv": [12, 1.5, 12.25, 1.75], "texture": "#0" },
        "south": { "uv": [2, 12, 2.25, 12.25], "texture": "#0" },
        "west": { "uv": [12, 2, 12.25, 2.25], "texture": "#0" },
        "up": { "uv": [2.75, 12.25, 2.5, 12], "texture": "#0" },
        "down": { "uv": [12.25, 2.5, 12, 2.75], "texture": "#0" }
      }
    },
    {
      "from": [7.8, 3.17914, 9.95018],
      "to": [8.3, 3.47914, 10.15018],
      "rotation": {
        "angle": 45,
        "axis": "x",
        "origin": [8.05, 3.32914, 10.05018]
      },
      "faces": {
        "north": { "uv": [3, 12, 3.25, 12.25], "texture": "#0" },
        "east": { "uv": [12, 3, 12.25, 3.25], "texture": "#0" },
        "south": { "uv": [3.5, 12, 3.75, 12.25], "texture": "#0" },
        "west": { "uv": [12, 3.5, 12.25, 3.75], "texture": "#0" },
        "up": { "uv": [4.25, 12.25, 4, 12], "texture": "#0" },
        "down": { "uv": [12.25, 4, 12, 4.25], "texture": "#0" }
      }
    },
    {
      "from": [7.8, 3.5, 10],
      "to": [8.3, 4.2, 10.2],
      "rotation": { "angle": -22.5, "axis": "x", "origin": [8.05, 3.65, 9.8] },
      "faces": {
        "north": { "uv": [0, 12, 0.25, 12.25], "texture": "#0" },
        "east": { "uv": [12, 0, 12.25, 0.25], "texture": "#0" },
        "south": { "uv": [0.5, 12, 0.75, 12.25], "texture": "#0" },
        "west": { "uv": [12, 0.5, 12.25, 0.75], "texture": "#0" },
        "up": { "uv": [1.25, 12.25, 1, 12], "texture": "#0" },
        "down": { "uv": [12.25, 1, 12, 1.25], "texture": "#0" }
      }
    },
    {
      "from": [7.8, 2.79672, 9.01924],
      "to": [8.3, 2.99672, 9.51924],
      "rotation": {
        "angle": 22.5,
        "axis": "x",
        "origin": [8.05, 2.89672, 9.26924]
      },
      "faces": {
        "north": { "uv": [2, 11, 2.25, 11.25], "texture": "#0" },
        "east": { "uv": [11, 2, 11.25, 2.25], "texture": "#0" },
        "south": { "uv": [2.5, 11, 2.75, 11.25], "texture": "#0" },
        "west": { "uv": [11, 2.5, 11.25, 2.75], "texture": "#0" },
        "up": { "uv": [3.25, 11.25, 3, 11], "texture": "#0" },
        "down": { "uv": [11.25, 3, 11, 3.25], "texture": "#0" }
      }
    },
    {
      "from": [7.8, 2.9, 9],
      "to": [8.3, 4, 9.2],
      "faces": {
        "north": { "uv": [10, 9.5, 10.25, 10], "texture": "#0" },
        "east": { "uv": [10, 10, 10.25, 10.5], "texture": "#0" },
        "south": { "uv": [0, 10.5, 0.25, 11], "texture": "#0" },
        "west": { "uv": [10.5, 0, 10.75, 0.5], "texture": "#0" },
        "up": { "uv": [11.25, 1.25, 11, 1], "texture": "#0" },
        "down": { "uv": [11.25, 1.5, 11, 1.75], "texture": "#0" }
      }
    },
    {
      "from": [7.8, 2.70866, 9.46194],
      "to": [8.3, 2.90866, 10.66194],
      "rotation": {
        "angle": 0,
        "axis": "y",
        "origin": [8.05, 2.80866, 9.71194]
      },
      "faces": {
        "north": { "uv": [0.5, 11, 0.75, 11.25], "texture": "#0" },
        "east": { "uv": [10, 8.5, 10.5, 8.75], "texture": "#0" },
        "south": { "uv": [11, 0.5, 11.25, 0.75], "texture": "#0" },
        "west": { "uv": [9, 10, 9.5, 10.25], "texture": "#0" },
        "up": { "uv": [10.25, 9.5, 10, 9], "texture": "#0" },
        "down": { "uv": [9.75, 10, 9.5, 10.5], "texture": "#0" }
      }
    },
    {
      "from": [7.8, 2.93066, 10.578],
      "to": [8.3, 3.13066, 11.078],
      "rotation": {
        "angle": -22.5,
        "axis": "x",
        "origin": [8.05, 3.03066, 11.178]
      },
      "faces": {
        "north": { "uv": [3.5, 11, 3.75, 11.25], "texture": "#0" },
        "east": { "uv": [11, 3.5, 11.25, 3.75], "texture": "#0" },
        "south": { "uv": [4, 11, 4.25, 11.25], "texture": "#0" },
        "west": { "uv": [11, 4, 11.25, 4.25], "texture": "#0" },
        "up": { "uv": [4.75, 11.25, 4.5, 11], "texture": "#0" },
        "down": { "uv": [11.25, 4.5, 11, 4.75], "texture": "#0" }
      }
    },
    {
      "from": [7.51, 3.68804, 3.104],
      "to": [8.59, 4.56804, 6.284],
      "rotation": {
        "angle": 22.5,
        "axis": "x",
        "origin": [8.05, 4.12804, 4.694]
      },
      "faces": {
        "north": { "uv": [8.5, 9, 9, 9.5], "texture": "#0" },
        "east": { "uv": [6.5, 2, 8, 2.5], "texture": "#0" },
        "south": { "uv": [9, 8.5, 9.5, 9], "texture": "#0" },
        "west": { "uv": [6.5, 2.5, 8, 3], "texture": "#0" },
        "up": { "uv": [7, 7, 6.5, 5.5], "texture": "#0" },
        "down": { "uv": [3, 7, 2.5, 8.5], "texture": "#0" }
      }
    },
    {
      "from": [7.8, 5.5, -8],
      "to": [8.3, 6, 5.7],
      "rotation": { "angle": 45, "axis": "z", "origin": [8.05, 5.75, -3.5] },
      "faces": {
        "north": { "uv": [10.5, 10, 10.75, 10.25], "texture": "#0" },
        "east": { "uv": [1, 3.5, 7.75, 3.75], "texture": "#0" },
        "south": { "uv": [10.5, 10.5, 10.75, 10.75], "texture": "#0" },
        "west": { "uv": [1, 4, 7.75, 4.25], "texture": "#0" },
        "up": { "uv": [1.25, 11.25, 1, 4.5], "texture": "#0" },
        "down": { "uv": [1.75, 4.5, 1.5, 11.25], "texture": "#0" }
      }
    },
    {
      "from": [7.7, 5.4, -6.8],
      "to": [8.4, 6.1, -5.8],
      "rotation": { "angle": 45, "axis": "z", "origin": [8.05, 5.75, -3.5] },
      "faces": {
        "north": { "uv": [11.5, 11, 11.75, 11.25], "texture": "#0" },
        "east": { "uv": [10.5, 8, 11, 8.25], "texture": "#0" },
        "south": { "uv": [11.5, 11.5, 11.75, 11.75], "texture": "#0" },
        "west": { "uv": [8.5, 10.5, 9, 10.75], "texture": "#0" },
        "up": { "uv": [10.75, 9, 10.5, 8.5], "texture": "#0" },
        "down": { "uv": [9.25, 10.5, 9, 11], "texture": "#0" }
      }
    },
    {
      "from": [8.73, 6.43, 5.13],
      "to": [9.17, 6.87, 9.77],
      "rotation": { "angle": 45, "axis": "z", "origin": [8.05, 5.75, -3.3] },
      "faces": {
        "north": { "uv": [8.5, 11, 8.75, 11.25], "texture": "#0" },
        "east": { "uv": [7.5, 1.5, 9.75, 1.75], "texture": "#0" },
        "south": { "uv": [11, 8.5, 11.25, 8.75], "texture": "#0" },
        "west": { "uv": [7.5, 4.5, 9.75, 4.75], "texture": "#0" },
        "up": { "uv": [2.25, 10.25, 2, 8], "texture": "#0" },
        "down": { "uv": [8.25, 2, 8, 4.25], "texture": "#0" }
      }
    },
    {
      "from": [7.7, 6.7, 7.2],
      "to": [8.4, 7.4, 7.9],
      "rotation": { "angle": 0, "axis": "y", "origin": [8.05, 5.75, -3.3] },
      "faces": {
        "north": { "uv": [11.5, 1.5, 11.75, 1.75], "texture": "#0" },
        "east": { "uv": [2, 11.5, 2.25, 11.75], "texture": "#0" },
        "south": { "uv": [11.5, 2, 11.75, 2.25], "texture": "#0" },
        "west": { "uv": [2.5, 11.5, 2.75, 11.75], "texture": "#0" },
        "up": { "uv": [11.75, 2.75, 11.5, 2.5], "texture": "#0" },
        "down": { "uv": [3.25, 11.5, 3, 11.75], "texture": "#0" }
      }
    },
    {
      "from": [7.8, 7, 7.3],
      "to": [8.3, 7.5, 7.8],
      "rotation": { "angle": 45, "axis": "y", "origin": [8.05, 7.25, 7.55] },
      "faces": {
        "north": { "uv": [11.5, 3.5, 11.75, 3.75], "texture": "#0" },
        "east": { "uv": [4, 11.5, 4.25, 11.75], "texture": "#0" },
        "south": { "uv": [11.5, 4, 11.75, 4.25], "texture": "#0" },
        "west": { "uv": [4.5, 11.5, 4.75, 11.75], "texture": "#0" },
        "up": { "uv": [11.75, 4.75, 11.5, 4.5], "texture": "#0" },
        "down": { "uv": [5.25, 11.5, 5, 11.75], "texture": "#0" }
      }
    },
    {
      "from": [7.61, 6.81, 7.31],
      "to": [8.49, 7.29, 7.79],
      "rotation": { "angle": 45, "axis": "x", "origin": [8.05, 7.05, 7.55] },
      "faces": {
        "north": { "uv": [10.5, 5.5, 11, 5.75], "texture": "#0" },
        "east": { "uv": [11.5, 3, 11.75, 3.25], "texture": "#0" },
        "south": { "uv": [6, 10.5, 6.5, 10.75], "texture": "#0" },
        "west": { "uv": [3.5, 11.5, 3.75, 11.75], "texture": "#0" },
        "up": { "uv": [7, 10.75, 6.5, 10.5], "texture": "#0" },
        "down": { "uv": [7.5, 10.5, 7, 10.75], "texture": "#0" }
      }
    },
    {
      "from": [8.67, 6.37, 6.07],
      "to": [9.23, 6.93, 6.83],
      "rotation": { "angle": 45, "axis": "z", "origin": [8.05, 5.75, -3.3] },
      "faces": {
        "north": { "uv": [10, 11, 10.25, 11.25], "texture": "#0" },
        "east": { "uv": [11, 10, 11.25, 10.25], "texture": "#0" },
        "south": { "uv": [10.5, 11, 10.75, 11.25], "texture": "#0" },
        "west": { "uv": [11, 10.5, 11.25, 10.75], "texture": "#0" },
        "up": { "uv": [11.25, 11.25, 11, 11], "texture": "#0" },
        "down": { "uv": [0.25, 11.5, 0, 11.75], "texture": "#0" }
      }
    },
    {
      "from": [8.67, 6.37, 8.27],
      "to": [9.23, 6.93, 9.03],
      "rotation": { "angle": 45, "axis": "z", "origin": [8.05, 5.75, -3.3] },
      "faces": {
        "north": { "uv": [11.5, 0, 11.75, 0.25], "texture": "#0" },
        "east": { "uv": [0.5, 11.5, 0.75, 11.75], "texture": "#0" },
        "south": { "uv": [11.5, 0.5, 11.75, 0.75], "texture": "#0" },
        "west": { "uv": [1, 11.5, 1.25, 11.75], "texture": "#0" },
        "up": { "uv": [11.75, 1.25, 11.5, 1], "texture": "#0" },
        "down": { "uv": [1.75, 11.5, 1.5, 11.75], "texture": "#0" }
      }
    },
    {
      "from": [8.62, 6.32, 4.62],
      "to": [9.28, 6.98, 5.78],
      "rotation": { "angle": 45, "axis": "z", "origin": [8.05, 5.75, -3.3] },
      "faces": {
        "north": { "uv": [9, 11, 9.25, 11.25], "texture": "#0" },
        "east": { "uv": [3.5, 10.5, 4, 10.75], "texture": "#0" },
        "south": { "uv": [11, 9, 11.25, 9.25], "texture": "#0" },
        "west": { "uv": [10.5, 3.5, 11, 3.75], "texture": "#0" },
        "up": { "uv": [4.25, 11, 4, 10.5], "texture": "#0" },
        "down": { "uv": [10.75, 4, 10.5, 4.5], "texture": "#0" }
      }
    },
    {
      "from": [8.62, 6.32, 9.32],
      "to": [9.28, 6.98, 10.48],
      "rotation": { "angle": 45, "axis": "z", "origin": [8.05, 5.75, -3.3] },
      "faces": {
        "north": { "uv": [9.5, 11, 9.75, 11.25], "texture": "#0" },
        "east": { "uv": [4.5, 10.5, 5, 10.75], "texture": "#0" },
        "south": { "uv": [11, 9.5, 11.25, 9.75], "texture": "#0" },
        "west": { "uv": [10.5, 4.5, 11, 4.75], "texture": "#0" },
        "up": { "uv": [5.25, 11, 5, 10.5], "texture": "#0" },
        "down": { "uv": [5.75, 10.5, 5.5, 11], "texture": "#0" }
      }
    },
    {
      "from": [7.4, 3.9, 0.1],
      "to": [8.7, 4, 2],
      "faces": {
        "north": { "uv": [10, 6, 10.75, 6.25], "texture": "#0" },
        "east": { "uv": [10, 5, 11, 5.25], "texture": "#0" },
        "south": { "uv": [10, 6.5, 10.75, 6.75], "texture": "#0" },
        "west": { "uv": [5.5, 10, 6.5, 10.25], "texture": "#0" },
        "up": { "uv": [7.75, 6.5, 7, 5.5], "texture": "#0" },
        "down": { "uv": [6.75, 7, 6, 8], "texture": "#0" }
      }
    },
    {
      "from": [6.9, 3.9, -2.6],
      "to": [7.1, 4.1, 1.6],
      "rotation": { "angle": 45, "axis": "z", "origin": [8.05, 5.75, -3.5] },
      "faces": {
        "north": { "uv": [11.5, 5, 11.75, 5.25], "texture": "#0" },
        "east": { "uv": [8.5, 0, 10.5, 0.25], "texture": "#0" },
        "south": { "uv": [5.5, 11.5, 5.75, 11.75], "texture": "#0" },
        "west": { "uv": [8.5, 0.5, 10.5, 0.75], "texture": "#0" },
        "up": { "uv": [0.25, 10.5, 0, 8.5], "texture": "#0" },
        "down": { "uv": [0.75, 8.5, 0.5, 10.5], "texture": "#0" }
      }
    },
    {
      "from": [6.8, 3.8, -2.8],
      "to": [7.2, 4.2, -1.9],
      "rotation": { "angle": 45, "axis": "z", "origin": [8.05, 5.75, -3.5] },
      "faces": {
        "north": { "uv": [11.5, 9, 11.75, 9.25], "texture": "#0" },
        "east": { "uv": [9.5, 11.5, 9.75, 11.75], "texture": "#0" },
        "south": { "uv": [11.5, 9.5, 11.75, 9.75], "texture": "#0" },
        "west": { "uv": [10, 11.5, 10.25, 11.75], "texture": "#0" },
        "up": { "uv": [11.75, 10.25, 11.5, 10], "texture": "#0" },
        "down": { "uv": [10.75, 11.5, 10.5, 11.75], "texture": "#0" }
      }
    },
    {
      "from": [8.6, 3.6, 1.27574],
      "to": [8.7, 4.2, 1.87574],
      "rotation": { "angle": 45, "axis": "x", "origin": [8.65, 3.9, 1.57574] },
      "faces": {
        "north": { "uv": [11.5, 5.5, 11.75, 5.75], "texture": "#0" },
        "east": { "uv": [6, 11.5, 6.25, 11.75], "texture": "#0" },
        "south": { "uv": [11.5, 6, 11.75, 6.25], "texture": "#0" },
        "west": { "uv": [6.5, 11.5, 6.75, 11.75], "texture": "#0" },
        "up": { "uv": [11.75, 6.75, 11.5, 6.5], "texture": "#0" },
        "down": { "uv": [7.25, 11.5, 7, 11.75], "texture": "#0" }
      }
    },
    {
      "from": [9, 4, -2.6],
      "to": [9.2, 4.2, 1.6],
      "rotation": { "angle": -45, "axis": "z", "origin": [7.95, 5.75, -3.5] },
      "faces": {
        "north": { "uv": [11.5, 7, 11.75, 7.25], "texture": "#0" },
        "east": { "uv": [8.5, 1, 10.5, 1.25], "texture": "#0" },
        "south": { "uv": [7.5, 11.5, 7.75, 11.75], "texture": "#0" },
        "west": { "uv": [8.5, 2, 10.5, 2.25], "texture": "#0" },
        "up": { "uv": [2.75, 10.5, 2.5, 8.5], "texture": "#0" },
        "down": { "uv": [8.75, 2.5, 8.5, 4.5], "texture": "#0" }
      }
    },
    {
      "from": [8.9, 3.9, -2.8],
      "to": [9.3, 4.3, -1.8],
      "rotation": { "angle": -45, "axis": "z", "origin": [7.95, 5.75, -3.5] },
      "faces": {
        "north": { "uv": [11.5, 10.5, 11.75, 10.75], "texture": "#0" },
        "east": { "uv": [10.5, 7, 11, 7.25], "texture": "#0" },
        "south": { "uv": [11, 11.5, 11.25, 11.75], "texture": "#0" },
        "west": { "uv": [7.5, 10.5, 8, 10.75], "texture": "#0" },
        "up": { "uv": [10.75, 8, 10.5, 7.5], "texture": "#0" },
        "down": { "uv": [8.25, 10.5, 8, 11], "texture": "#0" }
      }
    },
    {
      "from": [7.4, 3.6, 1.27574],
      "to": [7.5, 4.2, 1.87574],
      "rotation": { "angle": 45, "axis": "x", "origin": [7.35, 3.9, 1.57574] },
      "faces": {
        "north": { "uv": [11.5, 7.5, 11.75, 7.75], "texture": "#0" },
        "east": { "uv": [8, 11.5, 8.25, 11.75], "texture": "#0" },
        "south": { "uv": [11.5, 8, 11.75, 8.25], "texture": "#0" },
        "west": { "uv": [8.5, 11.5, 8.75, 11.75], "texture": "#0" },
        "up": { "uv": [11.75, 8.75, 11.5, 8.5], "texture": "#0" },
        "down": { "uv": [9.25, 11.5, 9, 11.75], "texture": "#0" }
      }
    }
  ],
  "display": {
    "thirdperson_righthand": {
      "translation": [0, 5.5, 0]
    },
    "thirdperson_lefthand": {
      "translation": [-11, 5.5, 0]
    },
    "firstperson_righthand": {
      "translation": [0, 7.75, 1.25]
    },
    "ground": {
      "translation": [0, 4.25, 0]
    },
    "gui": {
      "rotation": [94, 51, -80],
      "translation": [3.75, 1, 0],
      "scale": [0.85, 0.85, 0.85]
    },
    "head": {
      "translation": [0, 13.25, -2]
    },
    "fixed": {
      "rotation": [82, -47, 70],
      "translation": [-4.25, 0, 0]
    }
  },
  "groups": [
    0,
    1,
    2,
    3,
    4,
    5,
    6,
    7,
    8,
    9,
    10,
    11,
    12,
    13,
    14,
    15,
    16,
    17,
    18,
    19,
    20,
    21,
    22,
    23,
    24,
    25,
    26,
    27,
    28,
    29,
    30,
    31,
    32,
    33,
    34,
    35,
    36,
    37,
    38,
    39,
    {
      "name": "group",
      "origin": [8.65, 3.9, 1.57574],
      "color": 0,
      "children": [
        40,
        41,
        42,
        {
          "name": "group",
          "origin": [8.65, 3.9, 1.57574],
          "color": 0,
          "children": [43, 44, 45]
        }
      ]
    }
  ]
}
