{
	"credit": "Made with Blockbench",
	"texture_size": [64, 64],
	"textures": {
		"0": "block/smg_texture",
		"particle": "block/smg_texture"
	},
	"elements": [
		{
			"from": [7, 3, 11.9],
			"to": [9, 9, 13.7],
			"rotation": {"angle": -22.5, "axis": "x", "origin": [8, 5.5, 12.9]},
			"faces": {
				"north": {"uv": [3, 0, 3.5, 1.5], "texture": "#0"},
				"east": {"uv": [3, 1.75, 3.5, 3.25], "texture": "#0"},
				"south": {"uv": [3, 3.5, 3.5, 5], "texture": "#0"},
				"west": {"uv": [3.75, 0, 4.25, 1.5], "texture": "#0"},
				"up": {"uv": [7.75, 4.25, 7.25, 3.75], "texture": "#0"},
				"down": {"uv": [6.25, 7.25, 5.75, 7.75], "texture": "#0"}
			}
		},
		{
			"from": [7, 2.82762, 12.33283],
			"to": [8.98, 4.90762, 12.91283],
			"rotation": {"angle": 0, "axis": "y", "origin": [7.99, 5.51762, 12.72283]},
			"faces": {
				"north": {"uv": [7.25, 7.5, 7.75, 8], "texture": "#0"},
				"east": {"uv": [3, 10.25, 3.125, 10.75], "texture": "#0"},
				"south": {"uv": [1.25, 7.75, 1.75, 8.25], "texture": "#0"},
				"west": {"uv": [10.25, 3.25, 10.375, 3.75], "texture": "#0"},
				"up": {"uv": [10.75, 4.125, 10.25, 4], "texture": "#0"},
				"down": {"uv": [5.25, 10.25, 4.75, 10.375], "texture": "#0"}
			}
		},
		{
			"from": [6.99, 7.99, 3.89],
			"to": [9.01, 10.01, 12.91],
			"rotation": {"angle": 0, "axis": "y", "origin": [0, 3, -1.1]},
			"faces": {
				"north": {"uv": [6.5, 7.25, 7, 7.75], "texture": "#0"},
				"east": {"uv": [0, 0, 2.25, 0.5], "texture": "#0"},
				"south": {"uv": [7.25, 6.75, 7.75, 7.25], "texture": "#0"},
				"west": {"uv": [0, 0.75, 2.25, 1.25], "texture": "#0"},
				"up": {"uv": [0.5, 3.75, 0, 1.5], "texture": "#0"},
				"down": {"uv": [1.25, 1.5, 0.75, 3.75], "texture": "#0"}
			}
		},
		{
			"from": [7.01, 7.01, 6.91],
			"to": [8.99, 8.99, 11.89],
			"rotation": {"angle": 0, "axis": "y", "origin": [0, 0, -1.1]},
			"faces": {
				"north": {"uv": [0, 7.5, 0.5, 8], "texture": "#0"},
				"east": {"uv": [1.5, 4, 2.75, 4.5], "texture": "#0"},
				"south": {"uv": [7.5, 0, 8, 0.5], "texture": "#0"},
				"west": {"uv": [4.5, 0, 5.75, 0.5], "texture": "#0"},
				"up": {"uv": [5, 2, 4.5, 0.75], "texture": "#0"},
				"down": {"uv": [5, 2.25, 4.5, 3.5], "texture": "#0"}
			}
		},
		{
			"from": [7.01, 6.31, 5.11],
			"to": [8.99, 7.99, 6.89],
			"rotation": {"angle": 0, "axis": "y", "origin": [0, 0, -1.1]},
			"faces": {
				"north": {"uv": [4.25, 8.25, 4.75, 8.625], "texture": "#0"},
				"east": {"uv": [8.25, 4.5, 8.75, 4.875], "texture": "#0"},
				"south": {"uv": [8.25, 5.25, 8.75, 5.625], "texture": "#0"},
				"west": {"uv": [8.25, 6, 8.75, 6.375], "texture": "#0"},
				"up": {"uv": [8, 1.25, 7.5, 0.75], "texture": "#0"},
				"down": {"uv": [8, 1.5, 7.5, 2], "texture": "#0"}
			}
		},
		{
			"from": [6.99, 7.74149, 1.89286],
			"to": [9.01, 9.36149, 2.81286],
			"rotation": {"angle": 22.5, "axis": "x", "origin": [8, 0.95149, 0.30286]},
			"faces": {
				"north": {"uv": [7.25, 8.25, 7.75, 8.625], "texture": "#0"},
				"east": {"uv": [6.25, 9.25, 6.5, 9.625], "texture": "#0"},
				"south": {"uv": [1.25, 8.5, 1.75, 8.875], "texture": "#0"},
				"west": {"uv": [9.25, 8.75, 9.5, 9.125], "texture": "#0"},
				"up": {"uv": [8, 5.5, 7.5, 5.25], "texture": "#0"},
				"down": {"uv": [9, 9, 8.5, 9.25], "texture": "#0"}
			}
		},
		{
			"from": [6.99, 3.44149, 2.79286],
			"to": [9.01, 9.36149, 3.81286],
			"rotation": {"angle": 22.5, "axis": "x", "origin": [8, 0.95149, 0.30286]},
			"faces": {
				"north": {"uv": [3.75, 1.75, 4.25, 3.25], "texture": "#0"},
				"east": {"uv": [4.5, 5.75, 4.75, 7.25], "texture": "#0"},
				"south": {"uv": [3.75, 3.5, 4.25, 5], "texture": "#0"},
				"west": {"uv": [6, 3.75, 6.25, 5.25], "texture": "#0"},
				"up": {"uv": [1.5, 9.5, 1, 9.25], "texture": "#0"},
				"down": {"uv": [2.25, 9.25, 1.75, 9.5], "texture": "#0"}
			}
		},
		{
			"from": [7.8, 5.4, 6.5],
			"to": [8.3, 6.3, 6.5],
			"rotation": {"angle": 0, "axis": "y", "origin": [0, 0, -1.1]},
			"faces": {
				"north": {"uv": [9.25, 11, 9.375, 11.25], "texture": "#0"},
				"east": {"uv": [5, 5.75, 5, 6], "texture": "#0"},
				"south": {"uv": [11.25, 8.5, 11.375, 8.75], "texture": "#0"},
				"west": {"uv": [5, 6.25, 5, 6.5], "texture": "#0"},
				"up": {"uv": [6.125, 2, 6, 2], "texture": "#0"},
				"down": {"uv": [6.625, 2, 6.5, 2], "texture": "#0"}
			}
		},
		{
			"from": [7.2, 9, -0.5],
			"to": [8.8, 10, 3.9],
			"rotation": {"angle": 0, "axis": "y", "origin": [0, 0, -1.1]},
			"faces": {
				"north": {"uv": [8.5, 9.5, 8.875, 9.75], "texture": "#0"},
				"east": {"uv": [1.25, 7.25, 2.375, 7.5], "texture": "#0"},
				"south": {"uv": [9.25, 9.5, 9.625, 9.75], "texture": "#0"},
				"west": {"uv": [2.75, 7.25, 3.875, 7.5], "texture": "#0"},
				"up": {"uv": [3.375, 6.875, 3, 5.75], "texture": "#0"},
				"down": {"uv": [4.125, 5.75, 3.75, 6.875], "texture": "#0"}
			}
		},
		{
			"from": [7.1, 8.1, -0.5],
			"to": [8.9, 9.6, 3.9],
			"rotation": {"angle": 0, "axis": "y", "origin": [0, 0, -1.1]},
			"faces": {
				"north": {"uv": [8.5, 7.5, 9, 7.875], "texture": "#0"},
				"east": {"uv": [6, 0, 7.125, 0.375], "texture": "#0"},
				"south": {"uv": [8.5, 8.25, 9, 8.625], "texture": "#0"},
				"west": {"uv": [6, 0.75, 7.125, 1.125], "texture": "#0"},
				"up": {"uv": [2.75, 5.875, 2.25, 4.75], "texture": "#0"},
				"down": {"uv": [5.75, 0.75, 5.25, 1.875], "texture": "#0"}
			}
		},
		{
			"from": [7.7, 8.4, -2.1],
			"to": [8.3, 9, -0.1],
			"rotation": {"angle": 0, "axis": "y", "origin": [0, 0, -1.1]},
			"faces": {
				"north": {"uv": [13, 7, 13.125, 7.125], "texture": "#0"},
				"east": {"uv": [7.25, 9.75, 7.75, 9.875], "texture": "#0"},
				"south": {"uv": [7.5, 13, 7.625, 13.125], "texture": "#0"},
				"west": {"uv": [9.75, 8.75, 10.25, 8.875], "texture": "#0"},
				"up": {"uv": [3.875, 10.25, 3.75, 9.75], "texture": "#0"},
				"down": {"uv": [10.125, 2, 10, 2.5], "texture": "#0"}
			}
		},
		{
			"from": [7.5, 10, -0.3],
			"to": [8.5, 10.5, 0.2],
			"rotation": {"angle": 0, "axis": "y", "origin": [0, 0, -1.1]},
			"faces": {
				"north": {"uv": [9.75, 11.25, 10, 11.375], "texture": "#0"},
				"east": {"uv": [13, 7.5, 13.125, 7.625], "texture": "#0"},
				"south": {"uv": [10.25, 11.25, 10.5, 11.375], "texture": "#0"},
				"west": {"uv": [8, 13, 8.125, 13.125], "texture": "#0"},
				"up": {"uv": [11.5, 10.625, 11.25, 10.5], "texture": "#0"},
				"down": {"uv": [11, 11.25, 10.75, 11.375], "texture": "#0"}
			}
		},
		{
			"from": [7.7, 10.5, -0.3],
			"to": [8.3, 11, 0.2],
			"rotation": {"angle": 0, "axis": "y", "origin": [0, 0, -1.1]},
			"faces": {
				"north": {"uv": [13.75, 8.5, 13.875, 8.625], "texture": "#0"},
				"east": {"uv": [9, 13.75, 9.125, 13.875], "texture": "#0"},
				"south": {"uv": [9.5, 13.75, 9.625, 13.875], "texture": "#0"},
				"west": {"uv": [10, 13.75, 10.125, 13.875], "texture": "#0"},
				"up": {"uv": [13.875, 10.625, 13.75, 10.5], "texture": "#0"},
				"down": {"uv": [13.875, 11, 13.75, 11.125], "texture": "#0"}
			}
		},
		{
			"from": [7, 10.04504, 11.46809],
			"to": [7.2, 11.04504, 12.46809],
			"rotation": {"angle": 0, "axis": "y", "origin": [0, 0.04504, -1.13191]},
			"faces": {
				"north": {"uv": [5, 11.5, 5.125, 11.75], "texture": "#0"},
				"east": {"uv": [6.25, 10, 6.5, 10.25], "texture": "#0"},
				"south": {"uv": [5.5, 11.5, 5.625, 11.75], "texture": "#0"},
				"west": {"uv": [0, 10.25, 0.25, 10.5], "texture": "#0"},
				"up": {"uv": [6.125, 11.75, 6, 11.5], "texture": "#0"},
				"down": {"uv": [11.625, 6, 11.5, 6.25], "texture": "#0"}
			}
		},
		{
			"from": [6.99, 9.79, 12.29],
			"to": [7.21, 10.81, 14.41],
			"rotation": {"angle": 22.5, "axis": "x", "origin": [7.1, 10.5, 13]},
			"faces": {
				"north": {"uv": [8.5, 11.5, 8.625, 11.75], "texture": "#0"},
				"east": {"uv": [9.25, 2.5, 9.75, 2.75], "texture": "#0"},
				"south": {"uv": [9, 11.5, 9.125, 11.75], "texture": "#0"},
				"west": {"uv": [9.25, 3, 9.75, 3.25], "texture": "#0"},
				"up": {"uv": [5.625, 10.75, 5.5, 10.25], "texture": "#0"},
				"down": {"uv": [6.875, 10.25, 6.75, 10.75], "texture": "#0"}
			}
		},
		{
			"from": [8.79, 9.74496, 12.32191],
			"to": [9.01, 10.76496, 14.34191],
			"rotation": {"angle": 22.5, "axis": "x", "origin": [7.1, 10.45496, 13.03191]},
			"faces": {
				"north": {"uv": [11.5, 9, 11.625, 9.25], "texture": "#0"},
				"east": {"uv": [3.25, 9.25, 3.75, 9.5], "texture": "#0"},
				"south": {"uv": [11.5, 9.5, 11.625, 9.75], "texture": "#0"},
				"west": {"uv": [4.75, 9.25, 5.25, 9.5], "texture": "#0"},
				"up": {"uv": [7.375, 10.75, 7.25, 10.25], "texture": "#0"},
				"down": {"uv": [7.875, 10.25, 7.75, 10.75], "texture": "#0"}
			}
		},
		{
			"from": [6.99, 9.74496, 14.32191],
			"to": [9.01, 10.76496, 16.34191],
			"rotation": {"angle": 22.5, "axis": "x", "origin": [7.1, 10.45496, 13.03191]},
			"faces": {
				"north": {"uv": [5.5, 9.25, 6, 9.5], "texture": "#0"},
				"east": {"uv": [9.25, 7.25, 9.75, 7.5], "texture": "#0"},
				"south": {"uv": [9.25, 7.75, 9.75, 8], "texture": "#0"},
				"west": {"uv": [9.25, 8.25, 9.75, 8.5], "texture": "#0"},
				"up": {"uv": [3.25, 8.25, 2.75, 7.75], "texture": "#0"},
				"down": {"uv": [8.25, 3, 7.75, 3.5], "texture": "#0"}
			}
		},
		{
			"from": [8.8, 10, 11.5],
			"to": [9, 11, 12.5],
			"rotation": {"angle": 0, "axis": "y", "origin": [0, 0, -1.1]},
			"faces": {
				"north": {"uv": [6.5, 11.5, 6.625, 11.75], "texture": "#0"},
				"east": {"uv": [0.5, 10.25, 0.75, 10.5], "texture": "#0"},
				"south": {"uv": [11.5, 6.5, 11.625, 6.75], "texture": "#0"},
				"west": {"uv": [1.5, 10.25, 1.75, 10.5], "texture": "#0"},
				"up": {"uv": [7.125, 11.75, 7, 11.5], "texture": "#0"},
				"down": {"uv": [11.625, 7, 11.5, 7.25], "texture": "#0"}
			}
		},
		{
			"from": [7.5, 10.4, 11.5],
			"to": [8.5, 11.4, 11.8],
			"rotation": {"angle": 0, "axis": "y", "origin": [0, 0, -1.1]},
			"faces": {
				"north": {"uv": [2, 10.25, 2.25, 10.5], "texture": "#0"},
				"east": {"uv": [7.5, 11.5, 7.625, 11.75], "texture": "#0"},
				"south": {"uv": [2.5, 10.25, 2.75, 10.5], "texture": "#0"},
				"west": {"uv": [11.5, 7.5, 11.625, 7.75], "texture": "#0"},
				"up": {"uv": [8.25, 11.625, 8, 11.5], "texture": "#0"},
				"down": {"uv": [11.75, 8, 11.5, 8.125], "texture": "#0"}
			}
		},
		{
			"from": [7.2, 10, 11.5],
			"to": [8.8, 10.4, 12.9],
			"rotation": {"angle": 0, "axis": "y", "origin": [0, 0, -1.1]},
			"faces": {
				"north": {"uv": [5.5, 11, 5.875, 11.125], "texture": "#0"},
				"east": {"uv": [6.25, 11, 6.625, 11.125], "texture": "#0"},
				"south": {"uv": [7, 11, 7.375, 11.125], "texture": "#0"},
				"west": {"uv": [7.75, 11, 8.125, 11.125], "texture": "#0"},
				"up": {"uv": [9.375, 4.875, 9, 4.5], "texture": "#0"},
				"down": {"uv": [9.375, 5.25, 9, 5.625], "texture": "#0"}
			}
		},
		{
			"from": [7.41, 10.41, 11.51],
			"to": [8.59, 10.59, 12.89],
			"rotation": {"angle": 0, "axis": "y", "origin": [0, 0, -1.1]},
			"faces": {
				"north": {"uv": [2.25, 11.75, 2.5, 11.875], "texture": "#0"},
				"east": {"uv": [8.5, 11, 8.875, 11.125], "texture": "#0"},
				"south": {"uv": [3.5, 11.75, 3.75, 11.875], "texture": "#0"},
				"west": {"uv": [0, 11.25, 0.375, 11.375], "texture": "#0"},
				"up": {"uv": [0.25, 9.875, 0, 9.5], "texture": "#0"},
				"down": {"uv": [1.25, 9.75, 1, 10.125], "texture": "#0"}
			}
		},
		{
			"from": [7.5, 5.4, 8.9],
			"to": [8.5, 5.6, 10.9],
			"rotation": {"angle": 0, "axis": "y", "origin": [-0.5, 5.4, -1.1]},
			"faces": {
				"north": {"uv": [10, 2.75, 10.5, 2.875], "texture": "#0"},
				"east": {"uv": [10, 7, 10.5, 7.125], "texture": "#0"},
				"south": {"uv": [10, 7.5, 10.5, 7.625], "texture": "#0"},
				"west": {"uv": [10, 8, 10.5, 8.125], "texture": "#0"},
				"up": {"uv": [4.75, 8, 4.25, 7.5], "texture": "#0"},
				"down": {"uv": [8, 4.5, 7.5, 5], "texture": "#0"}
			}
		},
		{
			"from": [7.5, 5.6, 10.9],
			"to": [8.5, 5.8, 11.9],
			"rotation": {"angle": -22.5, "axis": "x", "origin": [7.5, 5.5, 11.4]},
			"faces": {
				"north": {"uv": [10, 9.25, 10.5, 9.375], "texture": "#0"},
				"east": {"uv": [11.25, 11, 11.5, 11.125], "texture": "#0"},
				"south": {"uv": [10, 9.75, 10.5, 9.875], "texture": "#0"},
				"west": {"uv": [0.75, 11.5, 1, 11.625], "texture": "#0"},
				"up": {"uv": [9.75, 2.25, 9.25, 2], "texture": "#0"},
				"down": {"uv": [3, 9.25, 2.5, 9.5], "texture": "#0"}
			}
		},
		{
			"from": [7.5, 5.8, 6.4],
			"to": [8.5, 6, 8.9],
			"rotation": {"angle": 22.5, "axis": "x", "origin": [7.5, 5.5, 7.9]},
			"faces": {
				"north": {"uv": [8.5, 10, 9, 10.125], "texture": "#0"},
				"east": {"uv": [9.75, 6, 10.375, 6.125], "texture": "#0"},
				"south": {"uv": [9.25, 10, 9.75, 10.125], "texture": "#0"},
				"west": {"uv": [9.75, 6.5, 10.375, 6.625], "texture": "#0"},
				"up": {"uv": [1.25, 6.875, 0.75, 6.25], "texture": "#0"},
				"down": {"uv": [2, 6.25, 1.5, 6.875], "texture": "#0"}
			}
		},
		{
			"from": [8, 6.2, 10.1],
			"to": [8.5, 7.2, 10.4],
			"rotation": {"angle": 22.5, "axis": "x", "origin": [8.25, 6.5, 10.15]},
			"faces": {
				"north": {"uv": [11.5, 2.5, 11.625, 2.75], "texture": "#0"},
				"east": {"uv": [3, 11.5, 3.125, 11.75], "texture": "#0"},
				"south": {"uv": [11.5, 3, 11.625, 3.25], "texture": "#0"},
				"west": {"uv": [11.5, 3.5, 11.625, 3.75], "texture": "#0"},
				"up": {"uv": [13.125, 8.125, 13, 8], "texture": "#0"},
				"down": {"uv": [8.625, 13, 8.5, 13.125], "texture": "#0"}
			}
		},
		{
			"from": [7.01, 7.71, 12.41],
			"to": [8.99, 10.19, 14.39],
			"rotation": {"angle": 0, "axis": "y", "origin": [8, 9.75, 13.9]},
			"faces": {
				"north": {"uv": [2.25, 6.25, 2.75, 6.875], "texture": "#0"},
				"east": {"uv": [6.5, 3.75, 7, 4.375], "texture": "#0"},
				"south": {"uv": [6.75, 4.75, 7.25, 5.375], "texture": "#0"},
				"west": {"uv": [5, 6.75, 5.5, 7.375], "texture": "#0"},
				"up": {"uv": [2.5, 8.25, 2, 7.75], "texture": "#0"},
				"down": {"uv": [8.25, 2.25, 7.75, 2.75], "texture": "#0"}
			}
		},
		{
			"from": [7.01, 7.71, 14.41],
			"to": [8.99, 9.19, 15.89],
			"rotation": {"angle": 0, "axis": "y", "origin": [8, 9.75, 13.9]},
			"faces": {
				"north": {"uv": [2, 8.5, 2.5, 8.875], "texture": "#0"},
				"east": {"uv": [9, 6, 9.375, 6.375], "texture": "#0"},
				"south": {"uv": [8.5, 2, 9, 2.375], "texture": "#0"},
				"west": {"uv": [7.25, 9, 7.625, 9.375], "texture": "#0"},
				"up": {"uv": [3.25, 8.875, 2.75, 8.5], "texture": "#0"},
				"down": {"uv": [9, 2.75, 8.5, 3.125], "texture": "#0"}
			}
		},
		{
			"from": [7, 8, 12.4],
			"to": [9, 10.2, 14.4],
			"rotation": {"angle": 0, "axis": "y", "origin": [8, 9.75, 13.9]},
			"faces": {
				"north": {"uv": [3.5, 7.75, 4, 8.25], "texture": "#0"},
				"east": {"uv": [5, 7.75, 5.5, 8.25], "texture": "#0"},
				"south": {"uv": [8, 3.75, 8.5, 4.25], "texture": "#0"},
				"west": {"uv": [5.75, 8, 6.25, 8.5], "texture": "#0"},
				"up": {"uv": [7, 8.5, 6.5, 8], "texture": "#0"},
				"down": {"uv": [8.5, 6.75, 8, 7.25], "texture": "#0"}
			}
		},
		{
			"from": [7, 10.2, 6.3],
			"to": [9, 10.3, 11.1],
			"rotation": {"angle": 0, "axis": "y", "origin": [0, 0, -1.1]},
			"faces": {
				"north": {"uv": [10, 10.25, 10.5, 10.375], "texture": "#0"},
				"east": {"uv": [8.75, 3.5, 10, 3.625], "texture": "#0"},
				"south": {"uv": [10.5, 0, 11, 0.125], "texture": "#0"},
				"west": {"uv": [8.75, 4, 10, 4.125], "texture": "#0"},
				"up": {"uv": [5, 5, 4.5, 3.75], "texture": "#0"},
				"down": {"uv": [2, 4.75, 1.5, 6], "texture": "#0"}
			}
		},
		{
			"from": [7.5, 10, 10.3],
			"to": [8.5, 10.2, 11.1],
			"rotation": {"angle": 0, "axis": "y", "origin": [0, 0, -1.1]},
			"faces": {
				"north": {"uv": [11.5, 10, 11.75, 10.125], "texture": "#0"},
				"east": {"uv": [11.25, 11.5, 11.5, 11.625], "texture": "#0"},
				"south": {"uv": [0, 11.75, 0.25, 11.875], "texture": "#0"},
				"west": {"uv": [11.75, 0.5, 12, 0.625], "texture": "#0"},
				"up": {"uv": [10.75, 0.75, 10.5, 0.5], "texture": "#0"},
				"down": {"uv": [1.25, 10.5, 1, 10.75], "texture": "#0"}
			}
		},
		{
			"from": [7.5, 10, 6.3],
			"to": [8.5, 10.2, 7.1],
			"rotation": {"angle": 0, "axis": "y", "origin": [0, 0, -1.1]},
			"faces": {
				"north": {"uv": [11.75, 1, 12, 1.125], "texture": "#0"},
				"east": {"uv": [1.25, 11.75, 1.5, 11.875], "texture": "#0"},
				"south": {"uv": [11.75, 1.5, 12, 1.625], "texture": "#0"},
				"west": {"uv": [1.75, 11.75, 2, 11.875], "texture": "#0"},
				"up": {"uv": [10.75, 1.25, 10.5, 1], "texture": "#0"},
				"down": {"uv": [10.75, 1.5, 10.5, 1.75], "texture": "#0"}
			}
		},
		{
			"from": [7, 10.3, 7],
			"to": [9, 10.4, 7.4],
			"rotation": {"angle": 0, "axis": "y", "origin": [0, 0, -1.1]},
			"faces": {
				"north": {"uv": [10.5, 2, 11, 2.125], "texture": "#0"},
				"east": {"uv": [13, 9, 13.125, 9.125], "texture": "#0"},
				"south": {"uv": [3.5, 10.5, 4, 10.625], "texture": "#0"},
				"west": {"uv": [13, 9.5, 13.125, 9.625], "texture": "#0"},
				"up": {"uv": [11, 4.625, 10.5, 4.5], "texture": "#0"},
				"down": {"uv": [11, 5, 10.5, 5.125], "texture": "#0"}
			}
		},
		{
			"from": [7, 10.3, 7.6],
			"to": [9, 10.4, 8],
			"rotation": {"angle": 0, "axis": "y", "origin": [0, 0, -1.1]},
			"faces": {
				"north": {"uv": [10.75, 2.5, 11.25, 2.625], "texture": "#0"},
				"east": {"uv": [13, 12, 13.125, 12.125], "texture": "#0"},
				"south": {"uv": [10.75, 3, 11.25, 3.125], "texture": "#0"},
				"west": {"uv": [12.25, 13, 12.375, 13.125], "texture": "#0"},
				"up": {"uv": [11.25, 3.625, 10.75, 3.5], "texture": "#0"},
				"down": {"uv": [4.75, 10.75, 4.25, 10.875], "texture": "#0"}
			}
		},
		{
			"from": [7, 10.3, 8.2],
			"to": [9, 10.4, 8.6],
			"rotation": {"angle": 0, "axis": "y", "origin": [0, 0, -1.1]},
			"faces": {
				"north": {"uv": [10.75, 6, 11.25, 6.125], "texture": "#0"},
				"east": {"uv": [13, 12.5, 13.125, 12.625], "texture": "#0"},
				"south": {"uv": [10.75, 6.5, 11.25, 6.625], "texture": "#0"},
				"west": {"uv": [12.75, 13, 12.875, 13.125], "texture": "#0"},
				"up": {"uv": [11.25, 7.125, 10.75, 7], "texture": "#0"},
				"down": {"uv": [11.25, 7.5, 10.75, 7.625], "texture": "#0"}
			}
		},
		{
			"from": [7, 10.3, 8.8],
			"to": [9, 10.4, 9.2],
			"rotation": {"angle": 0, "axis": "y", "origin": [0, 0, -1.1]},
			"faces": {
				"north": {"uv": [10.75, 8, 11.25, 8.125], "texture": "#0"},
				"east": {"uv": [0, 13.25, 0.125, 13.375], "texture": "#0"},
				"south": {"uv": [10.75, 9, 11.25, 9.125], "texture": "#0"},
				"west": {"uv": [13.25, 0.5, 13.375, 0.625], "texture": "#0"},
				"up": {"uv": [11.25, 9.625, 10.75, 9.5], "texture": "#0"},
				"down": {"uv": [10.25, 10.75, 9.75, 10.875], "texture": "#0"}
			}
		},
		{
			"from": [7, 10.3, 9.4],
			"to": [9, 10.4, 9.8],
			"rotation": {"angle": 0, "axis": "y", "origin": [0, 0, -1.1]},
			"faces": {
				"north": {"uv": [10.75, 10, 11.25, 10.125], "texture": "#0"},
				"east": {"uv": [1, 13.25, 1.125, 13.375], "texture": "#0"},
				"south": {"uv": [10.5, 10.75, 11, 10.875], "texture": "#0"},
				"west": {"uv": [13.25, 1, 13.375, 1.125], "texture": "#0"},
				"up": {"uv": [11.5, 0.625, 11, 0.5], "texture": "#0"},
				"down": {"uv": [1.25, 11, 0.75, 11.125], "texture": "#0"}
			}
		},
		{
			"from": [7, 10.3, 10],
			"to": [9, 10.4, 10.4],
			"rotation": {"angle": 0, "axis": "y", "origin": [0, 0, -1.1]},
			"faces": {
				"north": {"uv": [11, 1, 11.5, 1.125], "texture": "#0"},
				"east": {"uv": [1.5, 13.25, 1.625, 13.375], "texture": "#0"},
				"south": {"uv": [11, 1.5, 11.5, 1.625], "texture": "#0"},
				"west": {"uv": [13.25, 1.5, 13.375, 1.625], "texture": "#0"},
				"up": {"uv": [3.5, 11.125, 3, 11], "texture": "#0"},
				"down": {"uv": [11.5, 4, 11, 4.125], "texture": "#0"}
			}
		},
		{
			"from": [7, 10.3, 6.3],
			"to": [9, 10.4, 6.8],
			"rotation": {"angle": 0, "axis": "y", "origin": [0, 0, -1.1]},
			"faces": {
				"north": {"uv": [10.5, 5.5, 11, 5.625], "texture": "#0"},
				"east": {"uv": [13, 10, 13.125, 10.125], "texture": "#0"},
				"south": {"uv": [6, 10.5, 6.5, 10.625], "texture": "#0"},
				"west": {"uv": [10.75, 13, 10.875, 13.125], "texture": "#0"},
				"up": {"uv": [8.75, 10.625, 8.25, 10.5], "texture": "#0"},
				"down": {"uv": [11, 8.5, 10.5, 8.625], "texture": "#0"}
			}
		},
		{
			"from": [7, 10.3, 10.6],
			"to": [9, 10.4, 11.1],
			"rotation": {"angle": 0, "axis": "y", "origin": [0, 0, -1.1]},
			"faces": {
				"north": {"uv": [9, 10.5, 9.5, 10.625], "texture": "#0"},
				"east": {"uv": [11.25, 13, 11.375, 13.125], "texture": "#0"},
				"south": {"uv": [0, 10.75, 0.5, 10.875], "texture": "#0"},
				"west": {"uv": [11.75, 13, 11.875, 13.125], "texture": "#0"},
				"up": {"uv": [2, 10.875, 1.5, 10.75], "texture": "#0"},
				"down": {"uv": [2.75, 10.75, 2.25, 10.875], "texture": "#0"}
			}
		},
		{
			"from": [7.3, 8.7, 15.9],
			"to": [8.7, 9.5, 23.9],
			"rotation": {"angle": 0, "axis": "y", "origin": [0, 0, -1.1]},
			"faces": {
				"north": {"uv": [1.5, 9.75, 1.875, 10], "texture": "#0"},
				"east": {"uv": [3, 5.25, 5, 5.5], "texture": "#0"},
				"south": {"uv": [2.25, 9.75, 2.625, 10], "texture": "#0"},
				"west": {"uv": [5.25, 3.25, 7.25, 3.5], "texture": "#0"},
				"up": {"uv": [0.375, 6, 0, 4], "texture": "#0"},
				"down": {"uv": [1.125, 4, 0.75, 6], "texture": "#0"}
			}
		},
		{
			"from": [7.31, 8.51, 15.71],
			"to": [8.69, 8.89, 20.49],
			"rotation": {"angle": 0, "axis": "y", "origin": [0, 0, -1.1]},
			"faces": {
				"north": {"uv": [11.25, 2, 11.625, 2.125], "texture": "#0"},
				"east": {"uv": [9, 0, 10.25, 0.125], "texture": "#0"},
				"south": {"uv": [2.25, 11.25, 2.625, 11.375], "texture": "#0"},
				"west": {"uv": [9, 0.5, 10.25, 0.625], "texture": "#0"},
				"up": {"uv": [5.625, 5, 5.25, 3.75], "texture": "#0"},
				"down": {"uv": [5.625, 5.25, 5.25, 6.5], "texture": "#0"}
			}
		},
		{
			"from": [7.3, 5.73241, 14.90427],
			"to": [8.7, 6.53241, 23.30427],
			"rotation": {"angle": 22.5, "axis": "x", "origin": [8, 6.13241, 20.00427]},
			"faces": {
				"north": {"uv": [4.75, 9.75, 5.125, 10], "texture": "#0"},
				"east": {"uv": [5.25, 2.25, 7.375, 2.5], "texture": "#0"},
				"south": {"uv": [9.75, 5, 10.125, 5.25], "texture": "#0"},
				"west": {"uv": [5.25, 2.75, 7.375, 3], "texture": "#0"},
				"up": {"uv": [1.875, 3.625, 1.5, 1.5], "texture": "#0"},
				"down": {"uv": [2.625, 1.5, 2.25, 3.625], "texture": "#0"}
			}
		},
		{
			"from": [7.3, 4.5, 22.9],
			"to": [8.7, 8.7, 23.7],
			"rotation": {"angle": 0, "axis": "y", "origin": [0, 0, -1.1]},
			"faces": {
				"north": {"uv": [6, 5.5, 6.375, 6.5], "texture": "#0"},
				"east": {"uv": [8, 7.5, 8.25, 8.5], "texture": "#0"},
				"south": {"uv": [0, 6.25, 0.375, 7.25], "texture": "#0"},
				"west": {"uv": [0, 8.25, 0.25, 9.25], "texture": "#0"},
				"up": {"uv": [3.375, 10, 3, 9.75], "texture": "#0"},
				"down": {"uv": [10.125, 4.5, 9.75, 4.75], "texture": "#0"}
			}
		},
		{
			"from": [7.32, 6.92, 18.62],
			"to": [8.68, 8.98, 19.28],
			"rotation": {"angle": 0, "axis": "y", "origin": [0, 0, -1.1]},
			"faces": {
				"north": {"uv": [3.5, 8.5, 3.875, 9], "texture": "#0"},
				"east": {"uv": [5, 10.75, 5.125, 11.25], "texture": "#0"},
				"south": {"uv": [5, 8.5, 5.375, 9], "texture": "#0"},
				"west": {"uv": [3.75, 11, 3.875, 11.5], "texture": "#0"},
				"up": {"uv": [11.625, 0.125, 11.25, 0], "texture": "#0"},
				"down": {"uv": [1.875, 11.25, 1.5, 11.375], "texture": "#0"}
			}
		},
		{
			"from": [7.31, 5.41, 20.81],
			"to": [8.69, 6.19, 23.09],
			"rotation": {"angle": 0, "axis": "y", "origin": [0, 0, -1.1]},
			"faces": {
				"north": {"uv": [5.5, 9.75, 5.875, 10], "texture": "#0"},
				"east": {"uv": [5.75, 8.75, 6.375, 9], "texture": "#0"},
				"south": {"uv": [9.75, 5.5, 10.125, 5.75], "texture": "#0"},
				"west": {"uv": [8.75, 6.75, 9.375, 7], "texture": "#0"},
				"up": {"uv": [8.625, 0.625, 8.25, 0], "texture": "#0"},
				"down": {"uv": [8.625, 1, 8.25, 1.625], "texture": "#0"}
			}
		},
		{
			"from": [7.31, 5.21, 22.51],
			"to": [8.69, 5.59, 23.09],
			"rotation": {"angle": 0, "axis": "y", "origin": [0, 0, -1.1]},
			"faces": {
				"north": {"uv": [4.25, 11.25, 4.625, 11.375], "texture": "#0"},
				"east": {"uv": [13.75, 11.5, 13.875, 11.625], "texture": "#0"},
				"south": {"uv": [11.25, 4.5, 11.625, 4.625], "texture": "#0"},
				"west": {"uv": [13.75, 13, 13.875, 13.125], "texture": "#0"},
				"up": {"uv": [11.625, 5.125, 11.25, 5], "texture": "#0"},
				"down": {"uv": [11.625, 5.5, 11.25, 5.625], "texture": "#0"}
			}
		},
		{
			"from": [6.8, 8.2, 0],
			"to": [6.9, 9, 0.4],
			"rotation": {"angle": 0, "axis": "y", "origin": [0, 0, -1.1]},
			"faces": {
				"north": {"uv": [4, 11.75, 4.125, 12], "texture": "#0"},
				"east": {"uv": [11.75, 4, 11.875, 4.25], "texture": "#0"},
				"south": {"uv": [4.5, 11.75, 4.625, 12], "texture": "#0"},
				"west": {"uv": [11.75, 8.5, 11.875, 8.75], "texture": "#0"},
				"up": {"uv": [2.125, 13.375, 2, 13.25], "texture": "#0"},
				"down": {"uv": [3.125, 13.25, 3, 13.375], "texture": "#0"}
			}
		},
		{
			"from": [6.8, 8.2, -0.7],
			"to": [6.9, 9, -0.2],
			"rotation": {"angle": 0, "axis": "y", "origin": [0, 0, -1.1]},
			"faces": {
				"north": {"uv": [9.5, 11.75, 9.625, 12], "texture": "#0"},
				"east": {"uv": [10, 11.75, 10.125, 12], "texture": "#0"},
				"south": {"uv": [10.5, 11.75, 10.625, 12], "texture": "#0"},
				"west": {"uv": [11.75, 10.5, 11.875, 10.75], "texture": "#0"},
				"up": {"uv": [3.625, 13.375, 3.5, 13.25], "texture": "#0"},
				"down": {"uv": [4.125, 13.25, 4, 13.375], "texture": "#0"}
			}
		},
		{
			"from": [7, 8.2, -0.6],
			"to": [7.1, 9, -0.2],
			"rotation": {"angle": 0, "axis": "y", "origin": [0, 0, -1.1]},
			"faces": {
				"north": {"uv": [12, 9, 12.125, 9.25], "texture": "#0"},
				"east": {"uv": [12, 9.5, 12.125, 9.75], "texture": "#0"},
				"south": {"uv": [12, 10, 12.125, 10.25], "texture": "#0"},
				"west": {"uv": [11, 12, 11.125, 12.25], "texture": "#0"},
				"up": {"uv": [2.625, 13.625, 2.5, 13.5], "texture": "#0"},
				"down": {"uv": [13.625, 2.5, 13.5, 2.625], "texture": "#0"}
			}
		},
		{
			"from": [7, 8.2, 3.6],
			"to": [7.1, 9, 4],
			"rotation": {"angle": 0, "axis": "y", "origin": [0, 0, -1.1]},
			"faces": {
				"north": {"uv": [11.5, 12, 11.625, 12.25], "texture": "#0"},
				"east": {"uv": [12, 12, 12.125, 12.25], "texture": "#0"},
				"south": {"uv": [0, 12.25, 0.125, 12.5], "texture": "#0"},
				"west": {"uv": [12.25, 0.5, 12.375, 0.75], "texture": "#0"},
				"up": {"uv": [13.625, 3.125, 13.5, 3], "texture": "#0"},
				"down": {"uv": [13.625, 3.5, 13.5, 3.625], "texture": "#0"}
			}
		},
		{
			"from": [6.9, 8.1, -0.7],
			"to": [7, 9.1, 4.1],
			"rotation": {"angle": 0, "axis": "y", "origin": [0, 0, -1.1]},
			"faces": {
				"north": {"uv": [8.5, 12, 8.625, 12.25], "texture": "#0"},
				"east": {"uv": [6, 1.5, 7.25, 1.75], "texture": "#0"},
				"south": {"uv": [9, 12, 9.125, 12.25], "texture": "#0"},
				"west": {"uv": [5.75, 6.75, 7, 7], "texture": "#0"},
				"up": {"uv": [0.625, 10, 0.5, 8.75], "texture": "#0"},
				"down": {"uv": [6.875, 8.75, 6.75, 10], "texture": "#0"}
			}
		},
		{
			"from": [6.8, 8.2, 3.6],
			"to": [6.9, 9, 4.1],
			"rotation": {"angle": 0, "axis": "y", "origin": [0, 0, -1.1]},
			"faces": {
				"north": {"uv": [11.75, 11, 11.875, 11.25], "texture": "#0"},
				"east": {"uv": [11.75, 11.5, 11.875, 11.75], "texture": "#0"},
				"south": {"uv": [12, 0, 12.125, 0.25], "texture": "#0"},
				"west": {"uv": [0.5, 12, 0.625, 12.25], "texture": "#0"},
				"up": {"uv": [13.375, 4.125, 13.25, 4], "texture": "#0"},
				"down": {"uv": [13.375, 8.5, 13.25, 8.625], "texture": "#0"}
			}
		},
		{
			"from": [6.8, 8.2, 0.6],
			"to": [6.9, 9, 1],
			"rotation": {"angle": 0, "axis": "y", "origin": [0, 0, -1.1]},
			"faces": {
				"north": {"uv": [12, 2, 12.125, 2.25], "texture": "#0"},
				"east": {"uv": [12, 2.5, 12.125, 2.75], "texture": "#0"},
				"south": {"uv": [2.75, 12, 2.875, 12.25], "texture": "#0"},
				"west": {"uv": [12, 3, 12.125, 3.25], "texture": "#0"},
				"up": {"uv": [9.125, 13.375, 9, 13.25], "texture": "#0"},
				"down": {"uv": [9.625, 13.25, 9.5, 13.375], "texture": "#0"}
			}
		},
		{
			"from": [6.8, 8.2, 1.2],
			"to": [6.9, 9, 1.6],
			"rotation": {"angle": 0, "axis": "y", "origin": [0, 0, -1.1]},
			"faces": {
				"north": {"uv": [12, 3.5, 12.125, 3.75], "texture": "#0"},
				"east": {"uv": [12, 4.5, 12.125, 4.75], "texture": "#0"},
				"south": {"uv": [5, 12, 5.125, 12.25], "texture": "#0"},
				"west": {"uv": [12, 5, 12.125, 5.25], "texture": "#0"},
				"up": {"uv": [10.125, 13.375, 10, 13.25], "texture": "#0"},
				"down": {"uv": [13.375, 10.5, 13.25, 10.625], "texture": "#0"}
			}
		},
		{
			"from": [6.8, 8.2, 1.8],
			"to": [6.9, 9, 2.2],
			"rotation": {"angle": 0, "axis": "y", "origin": [0, 0, -1.1]},
			"faces": {
				"north": {"uv": [5.5, 12, 5.625, 12.25], "texture": "#0"},
				"east": {"uv": [12, 5.5, 12.125, 5.75], "texture": "#0"},
				"south": {"uv": [6, 12, 6.125, 12.25], "texture": "#0"},
				"west": {"uv": [12, 6, 12.125, 6.25], "texture": "#0"},
				"up": {"uv": [13.375, 11.125, 13.25, 11], "texture": "#0"},
				"down": {"uv": [13.375, 11.5, 13.25, 11.625], "texture": "#0"}
			}
		},
		{
			"from": [6.8, 8.2, 2.4],
			"to": [6.9, 9, 2.8],
			"rotation": {"angle": 0, "axis": "y", "origin": [0, 0, -1.1]},
			"faces": {
				"north": {"uv": [6.5, 12, 6.625, 12.25], "texture": "#0"},
				"east": {"uv": [12, 6.5, 12.125, 6.75], "texture": "#0"},
				"south": {"uv": [7, 12, 7.125, 12.25], "texture": "#0"},
				"west": {"uv": [12, 7, 12.125, 7.25], "texture": "#0"},
				"up": {"uv": [13.375, 13.125, 13.25, 13], "texture": "#0"},
				"down": {"uv": [13.625, 0, 13.5, 0.125], "texture": "#0"}
			}
		},
		{
			"from": [6.8, 8.2, 3],
			"to": [6.9, 9, 3.4],
			"rotation": {"angle": 0, "axis": "y", "origin": [0, 0, -1.1]},
			"faces": {
				"north": {"uv": [7.5, 12, 7.625, 12.25], "texture": "#0"},
				"east": {"uv": [12, 7.5, 12.125, 7.75], "texture": "#0"},
				"south": {"uv": [8, 12, 8.125, 12.25], "texture": "#0"},
				"west": {"uv": [12, 8, 12.125, 8.25], "texture": "#0"},
				"up": {"uv": [0.625, 13.625, 0.5, 13.5], "texture": "#0"},
				"down": {"uv": [13.625, 2, 13.5, 2.125], "texture": "#0"}
			}
		},
		{
			"from": [9.1, 8.2, 0],
			"to": [9.2, 9, 0.4],
			"rotation": {"angle": 0, "axis": "y", "origin": [16, 0, -1.1]},
			"faces": {
				"north": {"uv": [1, 12.25, 1.125, 12.5], "texture": "#0"},
				"east": {"uv": [12.25, 1, 12.375, 1.25], "texture": "#0"},
				"south": {"uv": [1.5, 12.25, 1.625, 12.5], "texture": "#0"},
				"west": {"uv": [12.25, 1.5, 12.375, 1.75], "texture": "#0"},
				"up": {"uv": [4.625, 13.625, 4.5, 13.5], "texture": "#0"},
				"down": {"uv": [13.625, 4.5, 13.5, 4.625], "texture": "#0"}
			}
		},
		{
			"from": [9.1, 8.2, -0.7],
			"to": [9.2, 9, -0.2],
			"rotation": {"angle": 0, "axis": "y", "origin": [16, 0, -1.1]},
			"faces": {
				"north": {"uv": [2, 12.25, 2.125, 12.5], "texture": "#0"},
				"east": {"uv": [3.25, 12.25, 3.375, 12.5], "texture": "#0"},
				"south": {"uv": [3.75, 12.25, 3.875, 12.5], "texture": "#0"},
				"west": {"uv": [12.25, 4, 12.375, 4.25], "texture": "#0"},
				"up": {"uv": [5.125, 13.625, 5, 13.5], "texture": "#0"},
				"down": {"uv": [13.625, 5, 13.5, 5.125], "texture": "#0"}
			}
		},
		{
			"from": [8.9, 8.2, -0.6],
			"to": [9, 9, -0.2],
			"rotation": {"angle": 0, "axis": "y", "origin": [16, 0, -1.1]},
			"faces": {
				"north": {"uv": [4.25, 12.25, 4.375, 12.5], "texture": "#0"},
				"east": {"uv": [12.25, 8.5, 12.375, 8.75], "texture": "#0"},
				"south": {"uv": [9.5, 12.25, 9.625, 12.5], "texture": "#0"},
				"west": {"uv": [10, 12.25, 10.125, 12.5], "texture": "#0"},
				"up": {"uv": [5.625, 13.625, 5.5, 13.5], "texture": "#0"},
				"down": {"uv": [13.625, 5.5, 13.5, 5.625], "texture": "#0"}
			}
		},
		{
			"from": [8.9, 8.2, 3.6],
			"to": [9, 9, 4],
			"rotation": {"angle": 0, "axis": "y", "origin": [16, 0, -1.1]},
			"faces": {
				"north": {"uv": [10.5, 12.25, 10.625, 12.5], "texture": "#0"},
				"east": {"uv": [12.25, 10.5, 12.375, 10.75], "texture": "#0"},
				"south": {"uv": [12.25, 11, 12.375, 11.25], "texture": "#0"},
				"west": {"uv": [12.25, 11.5, 12.375, 11.75], "texture": "#0"},
				"up": {"uv": [6.125, 13.625, 6, 13.5], "texture": "#0"},
				"down": {"uv": [13.625, 6, 13.5, 6.125], "texture": "#0"}
			}
		},
		{
			"from": [9, 8.1, -0.7],
			"to": [9.1, 9.1, 4.1],
			"rotation": {"angle": 0, "axis": "y", "origin": [16, 0, -1.1]},
			"faces": {
				"north": {"uv": [12.5, 0, 12.625, 0.25], "texture": "#0"},
				"east": {"uv": [6.75, 5.75, 8, 6], "texture": "#0"},
				"south": {"uv": [0.5, 12.5, 0.625, 12.75], "texture": "#0"},
				"west": {"uv": [6.75, 6.25, 8, 6.5], "texture": "#0"},
				"up": {"uv": [8.125, 10, 8, 8.75], "texture": "#0"},
				"down": {"uv": [4.375, 9, 4.25, 10.25], "texture": "#0"}
			}
		},
		{
			"from": [9.1, 8.2, 3.6],
			"to": [9.2, 9, 4.1],
			"rotation": {"angle": 0, "axis": "y", "origin": [16, 0, -1.1]},
			"faces": {
				"north": {"uv": [12.5, 2, 12.625, 2.25], "texture": "#0"},
				"east": {"uv": [2.5, 12.5, 2.625, 12.75], "texture": "#0"},
				"south": {"uv": [12.5, 2.5, 12.625, 2.75], "texture": "#0"},
				"west": {"uv": [12.5, 3, 12.625, 3.25], "texture": "#0"},
				"up": {"uv": [6.625, 13.625, 6.5, 13.5], "texture": "#0"},
				"down": {"uv": [13.625, 6.5, 13.5, 6.625], "texture": "#0"}
			}
		},
		{
			"from": [9.1, 8.2, 0.6],
			"to": [9.2, 9, 1],
			"rotation": {"angle": 0, "axis": "y", "origin": [16, 0, -1.1]},
			"faces": {
				"north": {"uv": [12.5, 3.5, 12.625, 3.75], "texture": "#0"},
				"east": {"uv": [12.5, 4.5, 12.625, 4.75], "texture": "#0"},
				"south": {"uv": [4.75, 12.5, 4.875, 12.75], "texture": "#0"},
				"west": {"uv": [12.5, 5, 12.625, 5.25], "texture": "#0"},
				"up": {"uv": [7.125, 13.625, 7, 13.5], "texture": "#0"},
				"down": {"uv": [13.625, 7, 13.5, 7.125], "texture": "#0"}
			}
		},
		{
			"from": [9.1, 8.2, 1.2],
			"to": [9.2, 9, 1.6],
			"rotation": {"angle": 0, "axis": "y", "origin": [16, 0, -1.1]},
			"faces": {
				"north": {"uv": [5.25, 12.5, 5.375, 12.75], "texture": "#0"},
				"east": {"uv": [12.5, 5.5, 12.625, 5.75], "texture": "#0"},
				"south": {"uv": [5.75, 12.5, 5.875, 12.75], "texture": "#0"},
				"west": {"uv": [12.5, 6, 12.625, 6.25], "texture": "#0"},
				"up": {"uv": [7.625, 13.625, 7.5, 13.5], "texture": "#0"},
				"down": {"uv": [13.625, 7.5, 13.5, 7.625], "texture": "#0"}
			}
		},
		{
			"from": [9.1, 8.2, 1.8],
			"to": [9.2, 9, 2.2],
			"rotation": {"angle": 0, "axis": "y", "origin": [16, 0, -1.1]},
			"faces": {
				"north": {"uv": [6.25, 12.5, 6.375, 12.75], "texture": "#0"},
				"east": {"uv": [12.5, 6.5, 12.625, 6.75], "texture": "#0"},
				"south": {"uv": [6.75, 12.5, 6.875, 12.75], "texture": "#0"},
				"west": {"uv": [12.5, 7, 12.625, 7.25], "texture": "#0"},
				"up": {"uv": [8.125, 13.625, 8, 13.5], "texture": "#0"},
				"down": {"uv": [13.625, 8, 13.5, 8.125], "texture": "#0"}
			}
		},
		{
			"from": [9.1, 8.2, 2.4],
			"to": [9.2, 9, 2.8],
			"rotation": {"angle": 0, "axis": "y", "origin": [16, 0, -1.1]},
			"faces": {
				"north": {"uv": [7.25, 12.5, 7.375, 12.75], "texture": "#0"},
				"east": {"uv": [12.5, 7.5, 12.625, 7.75], "texture": "#0"},
				"south": {"uv": [7.75, 12.5, 7.875, 12.75], "texture": "#0"},
				"west": {"uv": [12.5, 8, 12.625, 8.25], "texture": "#0"},
				"up": {"uv": [8.625, 13.625, 8.5, 13.5], "texture": "#0"},
				"down": {"uv": [13.625, 9, 13.5, 9.125], "texture": "#0"}
			}
		},
		{
			"from": [9.1, 8.2, 3],
			"to": [9.2, 9, 3.4],
			"rotation": {"angle": 0, "axis": "y", "origin": [16, 0, -1.1]},
			"faces": {
				"north": {"uv": [8.25, 12.5, 8.375, 12.75], "texture": "#0"},
				"east": {"uv": [8.75, 12.5, 8.875, 12.75], "texture": "#0"},
				"south": {"uv": [12.5, 9, 12.625, 9.25], "texture": "#0"},
				"west": {"uv": [12.5, 9.5, 12.625, 9.75], "texture": "#0"},
				"up": {"uv": [13.625, 9.625, 13.5, 9.5], "texture": "#0"},
				"down": {"uv": [13.625, 10, 13.5, 10.125], "texture": "#0"}
			}
		},
		{
			"from": [7.6, 7.8, 0],
			"to": [8.4, 7.9, 0.4],
			"rotation": {"angle": 0, "axis": "y", "origin": [16, 16, -1.1]},
			"faces": {
				"north": {"uv": [12.5, 10, 12.75, 10.125], "texture": "#0"},
				"east": {"uv": [10.5, 13.5, 10.625, 13.625], "texture": "#0"},
				"south": {"uv": [11, 12.5, 11.25, 12.625], "texture": "#0"},
				"west": {"uv": [11, 13.5, 11.125, 13.625], "texture": "#0"},
				"up": {"uv": [11.75, 12.625, 11.5, 12.5], "texture": "#0"},
				"down": {"uv": [12.25, 12.5, 12, 12.625], "texture": "#0"}
			}
		},
		{
			"from": [7.6, 7.8, -0.7],
			"to": [8.4, 7.9, -0.2],
			"rotation": {"angle": 0, "axis": "y", "origin": [16, 16, -1.1]},
			"faces": {
				"north": {"uv": [12.5, 12, 12.75, 12.125], "texture": "#0"},
				"east": {"uv": [11.5, 13.5, 11.625, 13.625], "texture": "#0"},
				"south": {"uv": [12.5, 12.5, 12.75, 12.625], "texture": "#0"},
				"west": {"uv": [12, 13.5, 12.125, 13.625], "texture": "#0"},
				"up": {"uv": [0.25, 12.875, 0, 12.75], "texture": "#0"},
				"down": {"uv": [13, 0.5, 12.75, 0.625], "texture": "#0"}
			}
		},
		{
			"from": [7.6, 8, -0.6],
			"to": [8.4, 8.1, -0.2],
			"rotation": {"angle": 0, "axis": "y", "origin": [16, 16, -1.1]},
			"faces": {
				"north": {"uv": [1, 12.75, 1.25, 12.875], "texture": "#0"},
				"east": {"uv": [13.5, 12, 13.625, 12.125], "texture": "#0"},
				"south": {"uv": [12.75, 1, 13, 1.125], "texture": "#0"},
				"west": {"uv": [12.5, 13.5, 12.625, 13.625], "texture": "#0"},
				"up": {"uv": [1.75, 12.875, 1.5, 12.75], "texture": "#0"},
				"down": {"uv": [13, 1.5, 12.75, 1.625], "texture": "#0"}
			}
		},
		{
			"from": [7.6, 8, 3.6],
			"to": [8.4, 8.1, 4],
			"rotation": {"angle": 0, "axis": "y", "origin": [16, 16, -1.1]},
			"faces": {
				"north": {"uv": [2, 12.75, 2.25, 12.875], "texture": "#0"},
				"east": {"uv": [13.5, 12.5, 13.625, 12.625], "texture": "#0"},
				"south": {"uv": [3, 12.75, 3.25, 12.875], "texture": "#0"},
				"west": {"uv": [13, 13.5, 13.125, 13.625], "texture": "#0"},
				"up": {"uv": [3.75, 12.875, 3.5, 12.75], "texture": "#0"},
				"down": {"uv": [4.25, 12.75, 4, 12.875], "texture": "#0"}
			}
		},
		{
			"from": [7.5, 7.9, -0.7],
			"to": [8.5, 8, 4.1],
			"rotation": {"angle": 0, "axis": "y", "origin": [16, 16, -1.1]},
			"faces": {
				"north": {"uv": [12.75, 4, 13, 4.125], "texture": "#0"},
				"east": {"uv": [9, 1, 10.25, 1.125], "texture": "#0"},
				"south": {"uv": [12.75, 8.5, 13, 8.625], "texture": "#0"},
				"west": {"uv": [9, 1.5, 10.25, 1.625], "texture": "#0"},
				"up": {"uv": [2.75, 1.25, 2.5, 0], "texture": "#0"},
				"down": {"uv": [1, 7.25, 0.75, 8.5], "texture": "#0"}
			}
		},
		{
			"from": [7.6, 7.8, 3.6],
			"to": [8.4, 7.9, 4.1],
			"rotation": {"angle": 0, "axis": "y", "origin": [16, 16, -1.1]},
			"faces": {
				"north": {"uv": [9.25, 12.75, 9.5, 12.875], "texture": "#0"},
				"east": {"uv": [13.5, 13.5, 13.625, 13.625], "texture": "#0"},
				"south": {"uv": [9.75, 12.75, 10, 12.875], "texture": "#0"},
				"west": {"uv": [0, 13.75, 0.125, 13.875], "texture": "#0"},
				"up": {"uv": [10.5, 12.875, 10.25, 12.75], "texture": "#0"},
				"down": {"uv": [13, 10.5, 12.75, 10.625], "texture": "#0"}
			}
		},
		{
			"from": [7.6, 7.8, 0.6],
			"to": [8.4, 7.9, 1],
			"rotation": {"angle": 0, "axis": "y", "origin": [16, 16, -1.1]},
			"faces": {
				"north": {"uv": [12.75, 11, 13, 11.125], "texture": "#0"},
				"east": {"uv": [13.75, 0.5, 13.875, 0.625], "texture": "#0"},
				"south": {"uv": [12.75, 11.5, 13, 11.625], "texture": "#0"},
				"west": {"uv": [1, 13.75, 1.125, 13.875], "texture": "#0"},
				"up": {"uv": [13.25, 0.125, 13, 0], "texture": "#0"},
				"down": {"uv": [0.75, 13, 0.5, 13.125], "texture": "#0"}
			}
		},
		{
			"from": [7.6, 7.8, 1.2],
			"to": [8.4, 7.9, 1.6],
			"rotation": {"angle": 0, "axis": "y", "origin": [16, 16, -1.1]},
			"faces": {
				"north": {"uv": [13, 2, 13.25, 2.125], "texture": "#0"},
				"east": {"uv": [13.75, 1, 13.875, 1.125], "texture": "#0"},
				"south": {"uv": [2.5, 13, 2.75, 13.125], "texture": "#0"},
				"west": {"uv": [1.5, 13.75, 1.625, 13.875], "texture": "#0"},
				"up": {"uv": [13.25, 2.625, 13, 2.5], "texture": "#0"},
				"down": {"uv": [13.25, 3, 13, 3.125], "texture": "#0"}
			}
		},
		{
			"from": [7.6, 7.8, 1.8],
			"to": [8.4, 7.9, 2.2],
			"rotation": {"angle": 0, "axis": "y", "origin": [16, 16, -1.1]},
			"faces": {
				"north": {"uv": [13, 3.5, 13.25, 3.625], "texture": "#0"},
				"east": {"uv": [13.75, 1.5, 13.875, 1.625], "texture": "#0"},
				"south": {"uv": [4.5, 13, 4.75, 13.125], "texture": "#0"},
				"west": {"uv": [2, 13.75, 2.125, 13.875], "texture": "#0"},
				"up": {"uv": [13.25, 4.625, 13, 4.5], "texture": "#0"},
				"down": {"uv": [5.25, 13, 5, 13.125], "texture": "#0"}
			}
		},
		{
			"from": [7.6, 7.8, 2.4],
			"to": [8.4, 7.9, 2.8],
			"rotation": {"angle": 0, "axis": "y", "origin": [16, 16, -1.1]},
			"faces": {
				"north": {"uv": [13, 5, 13.25, 5.125], "texture": "#0"},
				"east": {"uv": [3, 13.75, 3.125, 13.875], "texture": "#0"},
				"south": {"uv": [5.5, 13, 5.75, 13.125], "texture": "#0"},
				"west": {"uv": [3.5, 13.75, 3.625, 13.875], "texture": "#0"},
				"up": {"uv": [13.25, 5.625, 13, 5.5], "texture": "#0"},
				"down": {"uv": [6.25, 13, 6, 13.125], "texture": "#0"}
			}
		},
		{
			"from": [7.6, 7.8, 3],
			"to": [8.4, 7.9, 3.4],
			"rotation": {"angle": 0, "axis": "y", "origin": [16, 16, -1.1]},
			"faces": {
				"north": {"uv": [13, 6, 13.25, 6.125], "texture": "#0"},
				"east": {"uv": [4, 13.75, 4.125, 13.875], "texture": "#0"},
				"south": {"uv": [6.5, 13, 6.75, 13.125], "texture": "#0"},
				"west": {"uv": [13.75, 4, 13.875, 4.125], "texture": "#0"},
				"up": {"uv": [13.25, 6.625, 13, 6.5], "texture": "#0"},
				"down": {"uv": [7.25, 13, 7, 13.125], "texture": "#0"}
			}
		}
	],
	"display": {
		"thirdperson_righthand": {
			"translation": [0, 3, -1.25],
			"scale": [0.5, 0.5, 0.5]
		},
		"thirdperson_lefthand": {
			"translation": [-11, 3, -1.25],
			"scale": [0.5, 0.5, 0.5]
		},
		"firstperson_righthand": {
			"rotation": [3.25, 0, 0],
			"translation": [0, 4, -0.25],
			"scale": [0.65, 0.65, 0.65]
		},
		"firstperson_lefthand": {
			"translation": [-9.11, 4, 0],
			"scale": [1.05, 1, 1]
		},
		"ground": {
			"translation": [0, 4.5, 0]
		},
		"gui": {
			"rotation": [90.28, 49, -86],
			"translation": [-1.5, 1.75, -2],
			"scale": [0.75, 0.75, 0.75]
		},
		"head": {
			"translation": [0, 13, -1]
		},
		"fixed": {
			"rotation": [88.05, 59.21, -88.33],
			"translation": [-2.5, 1.25, 0.25],
			"scale": [0.86, 0.85, 0.88]
		}
	},
	"groups": [
		0,
		1,
		2,
		3,
		4,
		5,
		6,
		7,
		8,
		9,
		10,
		11,
		12,
		13,
		14,
		15,
		16,
		17,
		18,
		19,
		20,
		21,
		22,
		23,
		24,
		25,
		26,
		27,
		28,
		29,
		30,
		31,
		32,
		33,
		34,
		35,
		36,
		37,
		38,
		39,
		40,
		41,
		42,
		43,
		44,
		45,
		{
			"name": "group",
			"origin": [8, 8, 8],
			"color": 0,
			"children": [46, 47, 48, 49, 50, 51, 52, 53, 54, 55, 56]
		},
		{
			"name": "group",
			"origin": [8, 8, 8],
			"color": 0,
			"children": [57, 58, 59, 60, 61, 62, 63, 64, 65, 66, 67]
		},
		{
			"name": "group",
			"origin": [8, 8, 8],
			"color": 0,
			"children": [68, 69, 70, 71, 72, 73, 74, 75, 76, 77, 78]
		}
	]
}